listing_id,address,suburb,postcode,sale_price_aud,sale_date,sale_method,bedrooms,bathrooms,parking_spaces,land_size_sqm,property_type,source_website,source_url
2021020944,69 Orange Grove Road,Liverpool,2170,910000,17 Sep 2026,Sold by private treaty,3,2,1,613,House,Domain,https://www.domain.com.au/69-orange-grove-road-liverpool-nsw-2170-2021020944
2021129748,40 Maryvale Avenue,Liverpool,2170,1200000,15 Sep 2026,Sold by private treaty,3,1,1,701,House,Domain,https://www.domain.com.au/40-maryvale-avenue-liverpool-nsw-2170-2021129748
2020680196,3 Secant Street,Liverpool,2170,2000000,15 Sep 2026,Sold by private treaty,4,2,2,676,House,Domain,https://www.domain.com.au/3-secant-street-liverpool-nsw-2170-2020680196
2021040265,41 Tully Avenue,Liverpool,2170,1150000,11 Sep 2026,Sold by private treaty,6,2,2,,House,Domain,https://www.domain.com.au/41-tully-avenue-liverpool-nsw-2170-2021040265
2020980336,3 Edwin Place,Liverpool,2170,1235000,07 Sep 2026,Sold by private treaty,4,2,5,613,House,Domain,https://www.domain.com.au/3-edwin-place-liverpool-nsw-2170-2020980336
2021032779,8 Angelo Avenue,Liverpool,2170,935000,22 Aug 2026,Sold at auction,3,1,1,,House,Domain,https://www.domain.com.au/8-angelo-avenue-liverpool-nsw-2170-2021032779
2020980551,9 Anastasio Road,Liverpool,2170,976000,25 Jul 2026,Sold at auction,3,1,2,450,House,Domain,https://www.domain.com.au/9-anastasio-road-liverpool-nsw-2170-2020980551
2020629413,55 Woodlands Road,Liverpool,2170,1250000,23 Jul 2026,Sold by private treaty,3,1,2,,House,Domain,https://www.domain.com.au/55-woodlands-road-liverpool-nsw-2170-2020629413
2020935632,20 Apex Street,Liverpool,2170,1300000,13 Jul 2026,Sold prior to auction,3,1,1,853,House,Domain,https://www.domain.com.au/20-apex-street-liverpool-nsw-2170-2020935632
2020828884,30 Danalam Street,Liverpool,2170,1083000,17 Jun 2026,Sold by private treaty,4,1,1,727,House,Domain,https://www.domain.com.au/30-danalam-street-liverpool-nsw-2170-2020828884
2020828961,84 Medley Avenue,Liverpool,2170,1050000,06 Jun 2026,Sold at auction,3,1,3,510,House,Domain,https://www.domain.com.au/84-medley-avenue-liverpool-nsw-2170-2020828961
2020855872,119 Atkinson Street,Liverpool,2170,1265000,02 Jun 2026,Sold prior to auction,3,1,4,657,House,Domain,https://www.domain.com.au/119-atkinson-street-liverpool-nsw-2170-2020855872
2020574029,151 Memorial Avenue,Liverpool,2170,1210000,01 Jun 2026,Sold by private treaty,3,1,1,537,House,Domain,https://www.domain.com.au/151-memorial-avenue-liverpool-nsw-2170-2020574029
2020838192,133 Orange Grove Road,Liverpool,2170,1090000,25 May 2026,Sold by private treaty,3,1,4,664,House,Domain,https://www.domain.com.au/133-orange-grove-road-liverpool-nsw-2170-2020838192
2020653035,96A Reilly Street,Liverpool,2170,1175000,08 May 2026,Sold by private treaty,3,3,1,,House,Domain,https://www.domain.com.au/96a-reilly-street-liverpool-nsw-2170-2020653035
2020685084,41A Boundary Road,Liverpool,2170,1420000,02 May 2026,Sold at auction,5,3,1,330,House,Domain,https://www.domain.com.au/41a-boundary-road-liverpool-nsw-2170-2020685084
2020734400,11B Mclean Street,Liverpool,2170,735000,29 Apr 2026,Sold by private treaty,2,1,1,135,House,Domain,https://www.domain.com.au/11b-mclean-street-liverpool-nsw-2170-2020734400
2020600326,10 Lehmann Avenue,Liverpool,2170,1270000,28 Apr 2026,Sold by private treaty,4,2,2,556,House,Domain,https://www.domain.com.au/10-lehmann-avenue-liverpool-nsw-2170-2020600326
2020666839,20 Mayberry Crescent,Liverpool,2170,1000000,13 Apr 2026,Sold by private treaty,3,1,1,674,House,Domain,https://www.domain.com.au/20-mayberry-crescent-liverpool-nsw-2170-2020666839
2020765646,41a Boundary Road,Liverpool,2170,1378000,11 Apr 2026,Sold at auction,5,3,1,,House,Domain,https://www.domain.com.au/41a-boundary-road-liverpool-nsw-2170-2020765646
2020690624,271 Memorial Avenue,Liverpool,2170,1505000,02 Apr 2026,Sold prior to auction,3,1,1,885,House,Domain,https://www.domain.com.au/271-memorial-avenue-liverpool-nsw-2170-2020690624
2020730864,54 Passefield Street,Liverpool,2170,1525000,31 Mar 2026,Sold by private treaty,3,1,1,618,House,Domain,https://www.domain.com.au/54-passefield-street-liverpool-nsw-2170-2020730864
2020643472,4 Hindmarsh Road,Liverpool,2170,1100000,28 Mar 2026,Sold prior to auction,3,2,3,363,House,Domain,https://www.domain.com.au/4-hindmarsh-road-liverpool-nsw-2170-2020643472
2020645573,24 Rose Street,Liverpool,2170,1732000,28 Mar 2026,Sold at auction,5,2,2,815,House,Domain,https://www.domain.com.au/24-rose-street-liverpool-nsw-2170-2020645573
2020691606,21 Raine Avenue,Liverpool,2170,1190000,23 Mar 2026,Sold by private treaty,3,1,1,674,House,Domain,https://www.domain.com.au/21-raine-avenue-liverpool-nsw-2170-2020691606
2020669015,6 Tully Avenue,Liverpool,2170,2250000,23 Mar 2026,Sold by private treaty,7,6,4,758,House,Domain,https://www.domain.com.au/6-tully-avenue-liverpool-nsw-2170-2020669015
2020571015,6 Gill Avenue,Liverpool,2170,1705000,28 Feb 2026,Sold at auction,3,1,2,689,House,Domain,https://www.domain.com.au/6-gill-avenue-liverpool-nsw-2170-2020571015
2020543036,35 Pearce Street,Liverpool,2170,1950000,15 Feb 2026,Sold at auction,6,3,6,785,House,Domain,https://www.domain.com.au/35-pearce-street-liverpool-nsw-2170-2020543036
2020498089,21 & 23 Reilly Street,Liverpool,2170,1475000,11 Feb 2026,Sold by private treaty,6,3,5,1608,House,Domain,https://www.domain.com.au/21-23-reilly-street-liverpool-nsw-2170-2020498089
2020549702,27 Hindmarsh Road,Liverpool,2170,1420000,05 Feb 2026,Sold by private treaty,3,2,2,556,House,Domain,https://www.domain.com.au/27-hindmarsh-road-liverpool-nsw-2170-2020549702
2020504868,12 Congressional Drive,Liverpool,2170,1465500,31 Jan 2026,Sold at auction,3,1,2,556,House,Domain,https://www.domain.com.au/12-congressional-drive-liverpool-nsw-2170-2020504868
2020525436,3 Dale Avenue,Liverpool,2170,1605000,22 Jan 2026,Sold at auction,3,1,3,714,House,Domain,https://www.domain.com.au/3-dale-avenue-liverpool-nsw-2170-2020525436
2020487809,41 Mayberry Crescent,Liverpool,2170,1300000,17 Jan 2026,Sold at auction,4,1,2,988,House,Domain,https://www.domain.com.au/41-mayberry-crescent-liverpool-nsw-2170-2020487809
2020516869,21 Mainsbridge Avenue,Liverpool,2170,1200000,16 Jan 2026,Sold by private treaty,3,1,1,730,House,Domain,https://www.domain.com.au/21-mainsbridge-avenue-liverpool-nsw-2170-2020516869
2020425733,23A Raine Avenue,Liverpool,2170,1305000,24 Dec 2025,Sold by private treaty,4,3,1,336,House,Domain,https://www.domain.com.au/23a-raine-avenue-liverpool-nsw-2170-2020425733
2020476470,33 Medley Avenue,Liverpool,2170,1235000,19 Dec 2025,Sold by private treaty,4,2,2,556,House,Domain,https://www.domain.com.au/33-medley-avenue-liverpool-nsw-2170-2020476470
2020444344,6 Mainsbridge Avenue,Liverpool,2170,1350000,13 Dec 2025,Sold at auction,2,1,1,695,House,Domain,https://www.domain.com.au/6-mainsbridge-avenue-liverpool-nsw-2170-2020444344
2020141031,11 Oakborne Road,Liverpool,2170,1550000,10 Dec 2025,Sold by private treaty,7,3,2,558,House,Domain,https://www.domain.com.au/11-oakborne-road-liverpool-nsw-2170-2020141031
2020374366,13 Ferrington Crescent,Liverpool,2170,1500000,07 Nov 2025,Sold by private treaty,5,2,4,683,House,Domain,https://www.domain.com.au/13-ferrington-crescent-liverpool-nsw-2170-2020374366
2020278248,179 Moore Street,Liverpool,2170,1200000,28 Oct 2025,Sold by private treaty,4,2,1,701,House,Domain,https://www.domain.com.au/179-moore-street-liverpool-nsw-2170-2020278248
2020280053,4 Danalam Street,Liverpool,2170,1350000,27 Oct 2025,Sold by private treaty,3,1,2,701,House,Domain,https://www.domain.com.au/4-danalam-street-liverpool-nsw-2170-2020280053
2020287865,8 Birkdale Crescent,Liverpool,2170,1360000,15 Oct 2025,Sold prior to auction,5,2,2,562,House,Domain,https://www.domain.com.au/8-birkdale-crescent-liverpool-nsw-2170-2020287865
2020271931,29 Tully Avenue,Liverpool,2170,1203000,11 Oct 2025,Sold at auction,3,1,2,588,House,Domain,https://www.domain.com.au/29-tully-avenue-liverpool-nsw-2170-2020271931
2020287795,34 Grimson Crescent,Liverpool,2170,1520000,22 Sep 2025,Sold by private treaty,5,4,2,623,House,Domain,https://www.domain.com.au/34-grimson-crescent-liverpool-nsw-2170-2020287795
2020277563,37 Mcgowen Crescent,Liverpool,2170,1295000,20 Sep 2025,Sold by private treaty,4,1,1,698,House,Domain,https://www.domain.com.au/37-mcgowen-crescent-liverpool-nsw-2170-2020277563
2020108945,26 Copeland Street,Liverpool,2170,1100000,11 Sep 2025,Sold by private treaty,3,2,2,701,House,Domain,https://www.domain.com.au/26-copeland-street-liverpool-nsw-2170-2020108945
2020201153,18 Frangipane Avenue,Liverpool,2170,1280000,03 Sep 2025,Sold prior to auction,4,2,2,626,House,Domain,https://www.domain.com.au/18-frangipane-avenue-liverpool-nsw-2170-2020201153
2020159999,30 Monteclair Avenue,Liverpool,2170,1270000,23 Aug 2025,Sold at auction,4,3,2,558,House,Domain,https://www.domain.com.au/30-monteclair-avenue-liverpool-nsw-2170-2020159999
2020136860,127 Elizabeth Drive,Liverpool,2170,1230000,17 Aug 2025,Sold at auction,2,1,1,825,House,Domain,https://www.domain.com.au/127-elizabeth-drive-liverpool-nsw-2170-2020136860
2020144206,21 Birkdale Crescent,Liverpool,2170,1105000,09 Aug 2025,Sold at auction,3,1,1,603,House,Domain,https://www.domain.com.au/21-birkdale-crescent-liverpool-nsw-2170-2020144206
2020096750,69 Reilly Street,Liverpool,2170,1205000,26 Jul 2025,Sold at auction,3,2,1,631,House,Domain,https://www.domain.com.au/69-reilly-street-liverpool-nsw-2170-2020096750
2020078606,35 Mainsbridge Avenue,Liverpool,2170,1375000,18 Jul 2025,Sold prior to auction,5,2,4,714,House,Domain,https://www.domain.com.au/35-mainsbridge-avenue-liverpool-nsw-2170-2020078606
2019795420,64 Woodlands Road,Liverpool,2170,1200000,03 Jul 2025,Sold by private treaty,4,1,1,701,House,Domain,https://www.domain.com.au/64-woodlands-road-liverpool-nsw-2170-2019795420
2019951631,70 O'Brien Parade,Liverpool,2170,995000,27 May 2025,Sold by private treaty,3,1,3,512,House,Domain,https://www.domain.com.au/70-o-brien-parade-liverpool-nsw-2170-2019951631
2019941345,236 Memorial Avenue,Liverpool,2170,1735000,17 May 2025,Sold at auction,8,4,,760,House,Domain,https://www.domain.com.au/236-memorial-avenue-liverpool-nsw-2170-2019941345
2019882194,73 Boundary Road,Liverpool,2170,1040000,03 May 2025,Sold at auction,3,1,3,575,House,Domain,https://www.domain.com.au/73-boundary-road-liverpool-nsw-2170-2019882194
2019865241,33 Smith Crescent,Liverpool,2170,880000,29 Apr 2025,Sold by private treaty,3,2,1,531,House,Domain,https://www.domain.com.au/33-smith-crescent-liverpool-nsw-2170-2019865241
2019896394,7 Marsden Road,Liverpool,2170,1306000,26 Apr 2025,Sold at auction,6,2,2,504,House,Domain,https://www.domain.com.au/7-marsden-road-liverpool-nsw-2170-2019896394
2019880659,56 Medley Ave,Liverpool,2170,1095000,09 Apr 2025,Sold by private treaty,3,1,2,556,House,Domain,https://www.domain.com.au/56-medley-ave-liverpool-nsw-2170-2019880659
2019847810,3 Coxs Avenue,Liverpool,2170,1405000,05 Apr 2025,Sold at auction,4,2,4,556,House,Domain,https://www.domain.com.au/3-coxs-avenue-liverpool-nsw-2170-2019847810
2019833557,9 Rotary Street,Liverpool,2170,1176000,29 Mar 2025,Sold at auction,4,3,2,609,House,Domain,https://www.domain.com.au/9-rotary-street-liverpool-nsw-2170-2019833557
2019798466,16 Copeland Street,Liverpool,2170,870000,27 Mar 2025,Sold by private treaty,3,1,,420,House,Domain,https://www.domain.com.au/16-copeland-street-liverpool-nsw-2170-2019798466
2019822299,27 Carboni Street,Liverpool,2170,1152500,24 Mar 2025,Sold at auction,3,1,1,689,House,Domain,https://www.domain.com.au/27-carboni-street-liverpool-nsw-2170-2019822299
2019834598,46 Charles Street,Liverpool,2170,1355000,19 Mar 2025,Sold by private treaty,4,2,2,522,House,Domain,https://www.domain.com.au/46-charles-street-liverpool-nsw-2170-2019834598
2019836894,126 Atkinson Street,Liverpool,2170,1300000,17 Mar 2025,Sold at auction,3,1,,670,House,Domain,https://www.domain.com.au/126-atkinson-street-liverpool-nsw-2170-2019836894
2019429883,41 Copeland Street,Liverpool,2170,1120000,17 Mar 2025,Sold by private treaty,8,2,4,569,House,Domain,https://www.domain.com.au/41-copeland-street-liverpool-nsw-2170-2019429883
2019783304,14 Anebo Street,Liverpool,2170,980000,10 Mar 2025,Sold by private treaty,3,3,1,,House,Domain,https://www.domain.com.au/14-anebo-street-liverpool-nsw-2170-2019783304
2019787219,13 Castlereagh Street,Liverpool,2170,1125000,08 Mar 2025,Sold at auction,4,2,1,411,House,Domain,https://www.domain.com.au/13-castlereagh-street-liverpool-nsw-2170-2019787219
2019783305,36 Dale Avenue,Liverpool,2170,1320000,01 Mar 2025,Sold prior to auction,7,3,,697,House,Domain,https://www.domain.com.au/36-dale-avenue-liverpool-nsw-2170-2019783305
2019772471,7 Markell Place,Liverpool,2170,1430000,01 Mar 2025,Sold at auction,6,3,4,727,House,Domain,https://www.domain.com.au/7-markell-place-liverpool-nsw-2170-2019772471
2019782148,49A Alderson Avenue,Liverpool,2170,920000,28 Feb 2025,Sold by private treaty,3,2,2,,House,Domain,https://www.domain.com.au/49a-alderson-avenue-liverpool-nsw-2170-2019782148
2019561497,2 Wildman Avenue,Liverpool,2170,1060000,26 Feb 2025,Sold by private treaty,4,1,1,638,House,Domain,https://www.domain.com.au/2-wildman-avenue-liverpool-nsw-2170-2019561497
2019810543,32 Dale Avenue,Liverpool,2170,1100000,21 Feb 2025,Sold by private treaty,2,1,2,700,House,Domain,https://www.domain.com.au/32-dale-avenue-liverpool-nsw-2170-2019810543
2019353206,25 Speed Street,Liverpool,2170,1650000,20 Feb 2025,Sold by private treaty,11,5,1,,House,Domain,https://www.domain.com.au/25-speed-street-liverpool-nsw-2170-2019353206
2019737056,24 O'Brien Parade,Liverpool,2170,1251000,18 Feb 2025,Sold by private treaty,6,2,2,623,House,Domain,https://www.domain.com.au/24-o-brien-parade-liverpool-nsw-2170-2019737056
2019719670,74 McGowen Crescent,Liverpool,2170,1200000,08 Feb 2025,Sold at auction,3,2,3,645,House,Domain,https://www.domain.com.au/74-mcgowen-crescent-liverpool-nsw-2170-2019719670
2019781724,39 Rotary Street,Liverpool,2170,1120000,20 Jan 2025,Sold by private treaty,3,1,1,689,House,Domain,https://www.domain.com.au/39-rotary-street-liverpool-nsw-2170-2019781724
2019629687,36 Apex Street,Liverpool,2170,1200000,09 Dec 2024,Sold by private treaty,4,2,3,699,House,Domain,https://www.domain.com.au/36-apex-street-liverpool-nsw-2170-2019629687
2019635532,22 Rotary Street,Liverpool,2170,1200000,06 Dec 2024,Sold at auction,3,1,1,727,House,Domain,https://www.domain.com.au/22-rotary-street-liverpool-nsw-2170-2019635532
2019599195,12 Edith Avenue,Liverpool,2170,1270000,03 Dec 2024,Sold by private treaty,6,2,2,542,House,Domain,https://www.domain.com.au/12-edith-avenue-liverpool-nsw-2170-2019599195
2019527164,2 Deerwood Avenue,Liverpool,2170,1365000,02 Dec 2024,Sold at auction,4,2,3,556,House,Domain,https://www.domain.com.au/2-deerwood-avenue-liverpool-nsw-2170-2019527164
2019615698,16 McGowen Crescent,Liverpool,2170,980000,29 Nov 2024,Sold by private treaty,3,1,1,601,House,Domain,https://www.domain.com.au/16-mcgowen-crescent-liverpool-nsw-2170-2019615698
2019320577,2 Danalam Street,Liverpool,2170,1535000,27 Nov 2024,Sold by private treaty,9,2,4,715,House,Domain,https://www.domain.com.au/2-danalam-street-liverpool-nsw-2170-2019320577
2019592914,22 Rose Street,Liverpool,2170,1451000,26 Nov 2024,Sold at auction,4,2,2,809,House,Domain,https://www.domain.com.au/22-rose-street-liverpool-nsw-2170-2019592914
2019646806,52 Gill Avenue,Liverpool,2170,1300000,26 Nov 2024,Sold at auction,3,1,1,746,House,Domain,https://www.domain.com.au/52-gill-avenue-liverpool-nsw-2170-2019646806
2019596930,23 Flowerdale Road,Liverpool,2170,1052500,21 Nov 2024,Sold at auction,3,1,2,695,House,Domain,https://www.domain.com.au/23-flowerdale-road-liverpool-nsw-2170-2019596930
2019508396,10 Bunce Road,Liverpool,2170,950000,12 Nov 2024,Sold by private treaty,3,1,2,677,House,Domain,https://www.domain.com.au/10-bunce-road-liverpool-nsw-2170-2019508396
2019478408,54 Medley Avenue,Liverpool,2170,1280000,04 Nov 2024,Sold by private treaty,7,2,,556,House,Domain,https://www.domain.com.au/54-medley-avenue-liverpool-nsw-2170-2019478408
2019511592,15 Mainsbridge Avenue,Liverpool,2170,1310000,02 Nov 2024,Sold at auction,3,2,2,923,House,Domain,https://www.domain.com.au/15-mainsbridge-avenue-liverpool-nsw-2170-2019511592
2019543840,13 Oakborne Road,Liverpool,2170,1070000,30 Oct 2024,Sold prior to auction,3,2,2,558,House,Domain,https://www.domain.com.au/13-oakborne-road-liverpool-nsw-2170-2019543840
2019607121,16 Medley Avenue,Liverpool,2170,1100000,27 Oct 2024,Sold at auction,5,2,1,556,House,Domain,https://www.domain.com.au/16-medley-avenue-liverpool-nsw-2170-2019607121
2019496389,38 Apex Street,Liverpool,2170,1170000,12 Oct 2024,Sold at auction,3,1,1,701,House,Domain,https://www.domain.com.au/38-apex-street-liverpool-nsw-2170-2019496389
2019458167,82 Congressional Drive,Liverpool,2170,1087000,28 Sep 2024,Sold by private treaty,4,2,2,556,House,Domain,https://www.domain.com.au/82-congressional-drive-liverpool-nsw-2170-2019458167
2019424425,6 Oakborne Road,Liverpool,2170,957000,28 Sep 2024,Sold at auction,3,1,2,557,House,Domain,https://www.domain.com.au/6-oakborne-road-liverpool-nsw-2170-2019424425
2019472822,8 Panetta Avenue,Liverpool,2170,1200000,28 Sep 2024,Sold at auction,4,1,2,556,House,Domain,https://www.domain.com.au/8-panetta-avenue-liverpool-nsw-2170-2019472822
2019479944,34 Mclean Street,Liverpool,2170,1060000,28 Sep 2024,Sold at auction,3,1,1,873,House,Domain,https://www.domain.com.au/34-mclean-street-liverpool-nsw-2170-2019479944
2019419905,6 Coxs Avenue,Liverpool,2170,1210000,21 Sep 2024,Sold by private treaty,6,4,1,556,House,Domain,https://www.domain.com.au/6-coxs-avenue-liverpool-nsw-2170-2019419905
2019432482,24 Mcmahon Avenue,Liverpool,2170,1000000,14 Sep 2024,Sold at auction,4,2,4,512,House,Domain,https://www.domain.com.au/24-mcmahon-avenue-liverpool-nsw-2170-2019432482
2019388895,248 Memorial Avenue,Liverpool,2170,1275000,09 Sep 2024,Sold at auction,4,2,1,696,House,Domain,https://www.domain.com.au/248-memorial-avenue-liverpool-nsw-2170-2019388895
2019411995,16 Congressional Drive,Liverpool,2170,1332000,07 Sep 2024,Sold by private treaty,4,3,5,556,House,Domain,https://www.domain.com.au/16-congressional-drive-liverpool-nsw-2170-2019411995
2019431983,8 Carboni Street,Liverpool,2170,1465000,05 Sep 2024,Sold prior to auction,5,2,2,701,House,Domain,https://www.domain.com.au/8-carboni-street-liverpool-nsw-2170-2019431983
2019187392,19 George Street,Liverpool,2170,2100000,28 Aug 2024,Sold by private treaty,6,4,12,715,House,Domain,https://www.domain.com.au/19-george-street-liverpool-nsw-2170-2019187392
2019389634,32 Woodlands Road,Liverpool,2170,1140000,28 Aug 2024,Sold by private treaty,3,1,2,703,House,Domain,https://www.domain.com.au/32-woodlands-road-liverpool-nsw-2170-2019389634
2019389284,13 Mainsbridge Avenue,Liverpool,2170,1703500,24 Aug 2024,Sold at auction,5,3,2,758,House,Domain,https://www.domain.com.au/13-mainsbridge-avenue-liverpool-nsw-2170-2019389284
2019450608,5 Mainsbridge Avenue,Liverpool,2170,1250000,23 Aug 2024,Sold by private treaty,3,2,3,689,House,Domain,https://www.domain.com.au/5-mainsbridge-avenue-liverpool-nsw-2170-2019450608
2019408096,192 Memorial Avenue,Liverpool,2170,1250000,14 Aug 2024,Sold by private treaty,5,2,2,689,House,Domain,https://www.domain.com.au/192-memorial-avenue-liverpool-nsw-2170-2019408096
2019359758,80 Congressional Drive,Liverpool,2170,964000,10 Aug 2024,Sold at auction,3,1,1,557,House,Domain,https://www.domain.com.au/80-congressional-drive-liverpool-nsw-2170-2019359758
2019361067,24 Congressional Drive,Liverpool,2170,941500,10 Aug 2024,Sold at auction,3,1,2,,House,Domain,https://www.domain.com.au/24-congressional-drive-liverpool-nsw-2170-2019361067
2019235781,46 McLean Street,Liverpool,2170,1035000,09 Aug 2024,Sold by private treaty,4,2,1,319,House,Domain,https://www.domain.com.au/46-mclean-street-liverpool-nsw-2170-2019235781
2019380615,2 Mainsbridge Avenue,Liverpool,2170,1250000,07 Aug 2024,Sold by private treaty,3,1,1,658,House,Domain,https://www.domain.com.au/2-mainsbridge-avenue-liverpool-nsw-2170-2019380615
2019299557,80 Alderson Avenue,Liverpool,2170,1150000,01 Aug 2024,Sold at auction,3,1,2,,House,Domain,https://www.domain.com.au/80-alderson-avenue-liverpool-nsw-2170-2019299557
2019286849,28 Danalam Street,Liverpool,2170,1050000,27 Jul 2024,Sold prior to auction,3,1,2,822,House,Domain,https://www.domain.com.au/28-danalam-street-liverpool-nsw-2170-2019286849
2019334753,3 Mainsbridge Avenue,Liverpool,2170,1030000,27 Jul 2024,Sold at auction,2,1,2,689,House,Domain,https://www.domain.com.au/3-mainsbridge-avenue-liverpool-nsw-2170-2019334753
2019245805,73 Congressional Drive,Liverpool,2170,930000,10 Jul 2024,Sold by private treaty,3,1,1,557,House,Domain,https://www.domain.com.au/73-congressional-drive-liverpool-nsw-2170-2019245805
2019262145,37 Copeland Street,Liverpool,2170,931000,22 Jun 2024,Sold at auction,5,2,1,571,House,Domain,https://www.domain.com.au/37-copeland-street-liverpool-nsw-2170-2019262145
2019225647,32 Murphy Avenue,Liverpool,2170,1100000,13 Jun 2024,Sold by private treaty,3,1,2,556,House,Domain,https://www.domain.com.au/32-murphy-avenue-liverpool-nsw-2170-2019225647
2019248872,9 Phillip Street,Liverpool,2170,925000,12 Jun 2024,Sold by private treaty,3,1,4,690,House,Domain,https://www.domain.com.au/9-phillip-street-liverpool-nsw-2170-2019248872
2019243365,25 Rotary Street,Liverpool,2170,1730000,05 Jun 2024,Sold by private treaty,5,2,4,866,House,Domain,https://www.domain.com.au/25-rotary-street-liverpool-nsw-2170-2019243365
2019089546,6 Harradence Place,Liverpool,2170,850000,24 May 2024,Sold by private treaty,4,2,1,607,House,Domain,https://www.domain.com.au/6-harradence-place-liverpool-nsw-2170-2019089546
2019185816,39 Passefield Street,Liverpool,2170,1775000,19 May 2024,Sold at auction,5,4,2,676,House,Domain,https://www.domain.com.au/39-passefield-street-liverpool-nsw-2170-2019185816
2019206619,2 Orana Place,Liverpool,2170,970000,13 May 2024,Sold by private treaty,3,2,4,556,House,Domain,https://www.domain.com.au/2-orana-place-liverpool-nsw-2170-2019206619
2019167593,1 Vincent Avenue,Liverpool,2170,1227000,04 May 2024,Sold at auction,6,3,,608,House,Domain,https://www.domain.com.au/1-vincent-avenue-liverpool-nsw-2170-2019167593
2019226256,11 Roslyn Street,Liverpool,2170,1100000,02 May 2024,Sold by private treaty,4,2,,696,House,Domain,https://www.domain.com.au/11-roslyn-street-liverpool-nsw-2170-2019226256
2019165708,43 Lehmann Avenue,Liverpool,2170,970000,30 Apr 2024,Sold by private treaty,3,2,1,556,House,Domain,https://www.domain.com.au/43-lehmann-avenue-liverpool-nsw-2170-2019165708
2019160988,210 Memorial Avenue,Liverpool,2170,1170000,27 Apr 2024,Sold at auction,4,2,2,,House,Domain,https://www.domain.com.au/210-memorial-avenue-liverpool-nsw-2170-2019160988
2019087421,96A Reilly Street,Liverpool,2170,1040000,10 Apr 2024,Sold by private treaty,3,3,1,,House,Domain,https://www.domain.com.au/96a-reilly-street-liverpool-nsw-2170-2019087421
2019146975,29 Vincent Avenue,Liverpool,2170,1050000,09 Apr 2024,Sold by private treaty,3,1,1,651,House,Domain,https://www.domain.com.au/29-vincent-avenue-liverpool-nsw-2170-2019146975
2019162585,51B Alderson Avenue,Liverpool,2170,950000,06 Apr 2024,Sold by private treaty,4,2,1,530,House,Domain,https://www.domain.com.au/51b-alderson-avenue-liverpool-nsw-2170-2019162585
2019076119,5 Deerwood Avenue,Liverpool,2170,965000,23 Mar 2024,Sold at auction,6,3,2,556,House,Domain,https://www.domain.com.au/5-deerwood-avenue-liverpool-nsw-2170-2019076119
2019063707,21 Grimson Crescent,Liverpool,2170,1000000,20 Mar 2024,Sold by private treaty,5,3,2,313,House,Domain,https://www.domain.com.au/21-grimson-crescent-liverpool-nsw-2170-2019063707
2019025403,5 Stanton Street,Liverpool,2170,1040000,19 Mar 2024,Sold by private treaty,3,1,1,980,House,Domain,https://www.domain.com.au/5-stanton-street-liverpool-nsw-2170-2019025403
2019063316,45 Marsden Road,Liverpool,2170,1001000,18 Mar 2024,Sold at auction,3,1,2,690,House,Domain,https://www.domain.com.au/45-marsden-road-liverpool-nsw-2170-2019063316
2019041554,50 Medley Avenue,Liverpool,2170,897000,09 Mar 2024,Sold at auction,3,2,2,556,House,Domain,https://www.domain.com.au/50-medley-avenue-liverpool-nsw-2170-2019041554
2019035846,6 Deerwood Avenue,Liverpool,2170,935000,06 Mar 2024,Sold by private treaty,3,1,6,556,House,Domain,https://www.domain.com.au/6-deerwood-avenue-liverpool-nsw-2170-2019035846
2019003415,12 Pearce Street,Liverpool,2170,915000,05 Mar 2024,Sold by private treaty,3,1,1,568,House,Domain,https://www.domain.com.au/12-pearce-street-liverpool-nsw-2170-2019003415
2019040357,97 Congressional Drive,Liverpool,2170,925000,28 Feb 2024,Sold by private treaty,3,1,1,654,House,Domain,https://www.domain.com.au/97-congressional-drive-liverpool-nsw-2170-2019040357
2019052121,30 Rotary Street,Liverpool,2170,1108000,27 Feb 2024,Sold by private treaty,2,1,1,700,House,Domain,https://www.domain.com.au/30-rotary-street-liverpool-nsw-2170-2019052121
2019048240,66 Pearce Street,Liverpool,2170,950000,19 Feb 2024,Sold by private treaty,4,2,1,260,House,Domain,https://www.domain.com.au/66-pearce-street-liverpool-nsw-2170-2019048240
2017783641,47 Alderson Avenue,Liverpool,2170,1375000,14 Feb 2024,Sold prior to auction,8,5,5,588,House,Domain,https://www.domain.com.au/47-alderson-avenue-liverpool-nsw-2170-2017783641
2018989869,1B Dale Avenue,Liverpool,2170,1055000,12 Feb 2024,Sold by private treaty,4,3,2,326,House,Domain,https://www.domain.com.au/1b-dale-avenue-liverpool-nsw-2170-2018989869
2018995711,6 Edith Avenue,Liverpool,2170,970000,10 Feb 2024,Sold at auction,3,1,1,569,House,Domain,https://www.domain.com.au/6-edith-avenue-liverpool-nsw-2170-2018995711
2018838996,18 Pearce Street,Liverpool,2170,938000,22 Jan 2024,Sold by private treaty,2,1,2,588,House,Domain,https://www.domain.com.au/18-pearce-street-liverpool-nsw-2170-2018838996
2018049419,18 Hoxton Park Road,Liverpool,2170,1300000,22 Dec 2023,Sold by private treaty,4,2,6,646,House,Domain,https://www.domain.com.au/18-hoxton-park-road-liverpool-nsw-2170-2018049419
2018927348,35 Woodlands Road,Liverpool,2170,1230000,18 Dec 2023,Sold at auction,3,1,2,696,House,Domain,https://www.domain.com.au/35-woodlands-road-liverpool-nsw-2170-2018927348
2018897481,31 Mayberry Crescent,Liverpool,2170,845000,17 Dec 2023,Sold at auction,2,1,3,739,House,Domain,https://www.domain.com.au/31-mayberry-crescent-liverpool-nsw-2170-2018897481
2018926296,113 Medley Avenue,Liverpool,2170,1190000,16 Dec 2023,Sold at auction,6,3,,512,House,Domain,https://www.domain.com.au/113-medley-avenue-liverpool-nsw-2170-2018926296
2018955009,9B danalam street,Liverpool,2170,1150000,15 Dec 2023,Sold by private treaty,5,3,1,,House,Domain,https://www.domain.com.au/9b-danalam-street-liverpool-nsw-2170-2018955009
2018846338,5 Thorn Street,Liverpool,2170,901000,18 Nov 2023,Sold at auction,3,2,1,419,House,Domain,https://www.domain.com.au/5-thorn-street-liverpool-nsw-2170-2018846338
2018883164,184 Memorial Avenue,Liverpool,2170,1300000,17 Nov 2023,Sold prior to auction,3,1,1,876,House,Domain,https://www.domain.com.au/184-memorial-avenue-liverpool-nsw-2170-2018883164
2018774284,20 Woodlands Road,Liverpool,2170,1470000,15 Nov 2023,Sold at auction,4,2,2,613,House,Domain,https://www.domain.com.au/20-woodlands-road-liverpool-nsw-2170-2018774284
2018827820,19 Apex Street,Liverpool,2170,867500,04 Nov 2023,Sold at auction,2,1,2,588,House,Domain,https://www.domain.com.au/19-apex-street-liverpool-nsw-2170-2018827820
2018811967,34 Hoxton Park Road,Liverpool,2170,871500,31 Oct 2023,Sold at auction,3,1,1,701,House,Domain,https://www.domain.com.au/34-hoxton-park-road-liverpool-nsw-2170-2018811967
2018816471,17 Wildman Avenue,Liverpool,2170,914000,21 Oct 2023,Sold at auction,2,2,5,556,House,Domain,https://www.domain.com.au/17-wildman-avenue-liverpool-nsw-2170-2018816471
2018738242,82 Liverpool Street,Liverpool,2170,1210000,20 Oct 2023,Sold by private treaty,7,4,1,676,House,Domain,https://www.domain.com.au/82-liverpool-street-liverpool-nsw-2170-2018738242
2018764204,69 Boundary Road,Liverpool,2170,1020000,12 Oct 2023,Sold by private treaty,3,1,1,,House,Domain,https://www.domain.com.au/69-boundary-road-liverpool-nsw-2170-2018764204
2018764943,1 Dale Avenue,Liverpool,2170,1070000,07 Oct 2023,Sold at auction,4,3,2,437,House,Domain,https://www.domain.com.au/1-dale-avenue-liverpool-nsw-2170-2018764943
2018785123,27 Stanton Street,Liverpool,2170,1105000,07 Oct 2023,Sold prior to auction,4,1,2,701,House,Domain,https://www.domain.com.au/27-stanton-street-liverpool-nsw-2170-2018785123
2018664747,61 Pearce Street,Liverpool,2170,1030000,03 Oct 2023,Sold by private treaty,5,2,4,588,House,Domain,https://www.domain.com.au/61-pearce-street-liverpool-nsw-2170-2018664747
2018721489,10 Park Road,Liverpool,2170,1140000,23 Sep 2023,Sold at auction,3,1,2,904,House,Domain,https://www.domain.com.au/10-park-road-liverpool-nsw-2170-2018721489
2018685538,19A Passefield Street,Liverpool,2170,1070000,16 Sep 2023,Sold by private treaty,4,3,2,337,House,Domain,https://www.domain.com.au/19a-passefield-street-liverpool-nsw-2170-2018685538
2018780266,4&6 Theo Street,Liverpool,2170,3000000,14 Sep 2023,Sold by private treaty,7,2,2,1430,House,Domain,https://www.domain.com.au/4-6-theo-street-liverpool-nsw-2170-2018780266
2017397113,237 Memorial Avenue,Liverpool,2170,872000,08 Sep 2023,Sold by private treaty,3,2,5,701,House,Domain,https://www.domain.com.au/237-memorial-avenue-liverpool-nsw-2170-2017397113
2018703736,53 McLean Street,Liverpool,2170,1100000,02 Sep 2023,Sold at auction,6,2,3,556,House,Domain,https://www.domain.com.au/53-mclean-street-liverpool-nsw-2170-2018703736
2018690049,27 Mary Crescent,Liverpool,2170,910000,02 Sep 2023,Sold at auction,3,1,,651,House,Domain,https://www.domain.com.au/27-mary-crescent-liverpool-nsw-2170-2018690049
2018662990,13 Boundary Road,Liverpool,2170,1805000,20 Aug 2023,Sold at auction,7,4,4,1012,House,Domain,https://www.domain.com.au/13-boundary-road-liverpool-nsw-2170-2018662990
2018648577,10 Anderson Avenue,Liverpool,2170,1000000,12 Aug 2023,Sold at auction,3,1,6,777,House,Domain,https://www.domain.com.au/10-anderson-avenue-liverpool-nsw-2170-2018648577
2018623848,35 Mary Crescent,Liverpool,2170,780000,11 Aug 2023,Sold by private treaty,3,1,,556,House,Domain,https://www.domain.com.au/35-mary-crescent-liverpool-nsw-2170-2018623848
2018631826,22 Maryvale Avenue,Liverpool,2170,1110000,05 Aug 2023,Sold at auction,4,2,1,696,House,Domain,https://www.domain.com.au/22-maryvale-avenue-liverpool-nsw-2170-2018631826
2018622284,26 Boundary Road,Liverpool,2170,1260000,29 Jul 2023,Sold at auction,4,3,2,414,House,Domain,https://www.domain.com.au/26-boundary-road-liverpool-nsw-2170-2018622284
2018617273,4 Wildman Avenue,Liverpool,2170,888000,22 Jul 2023,Sold at auction,3,2,6,556,House,Domain,https://www.domain.com.au/4-wildman-avenue-liverpool-nsw-2170-2018617273
2018606818,20 Passefield Street,Liverpool,2170,976000,22 Jul 2023,Sold at auction,3,1,1,676,House,Domain,https://www.domain.com.au/20-passefield-street-liverpool-nsw-2170-2018606818
2018344080,89 Atkinson Street,Liverpool,2170,1375000,17 Jul 2023,Sold by private treaty,4,2,2,620,House,Domain,https://www.domain.com.au/89-atkinson-street-liverpool-nsw-2170-2018344080
2018595644,59 Pearce Street,Liverpool,2170,910000,08 Jul 2023,Sold at auction,3,1,1,569,House,Domain,https://www.domain.com.au/59-pearce-street-liverpool-nsw-2170-2018595644
2018535873,2 Anastasio Road,Liverpool,2170,1010000,15 Jun 2023,Sold by private treaty,4,2,2,521,House,Domain,https://www.domain.com.au/2-anastasio-road-liverpool-nsw-2170-2018535873
2018505158,21 Smith Crescent,Liverpool,2170,920000,27 May 2023,Sold at auction,5,2,2,695,House,Domain,https://www.domain.com.au/21-smith-crescent-liverpool-nsw-2170-2018505158
2018494993,40 Pearce Street,Liverpool,2170,910000,13 May 2023,Sold at auction,4,1,1,581,House,Domain,https://www.domain.com.au/40-pearce-street-liverpool-nsw-2170-2018494993
2018493792,13 Wildman Avenue,Liverpool,2170,940000,13 May 2023,Sold at auction,3,1,2,556,House,Domain,https://www.domain.com.au/13-wildman-avenue-liverpool-nsw-2170-2018493792
2018484476,22 Edith Avenue,Liverpool,2170,1030000,08 May 2023,Sold by private treaty,4,2,2,482,House,Domain,https://www.domain.com.au/22-edith-avenue-liverpool-nsw-2170-2018484476
2018173416,47 Pearce Street,Liverpool,2170,895000,06 May 2023,Sold by private treaty,3,1,4,556,House,Domain,https://www.domain.com.au/47-pearce-street-liverpool-nsw-2170-2018173416
2018469765,96 Flowerdale Road,Liverpool,2170,1210000,06 May 2023,Sold at auction,3,1,2,796,House,Domain,https://www.domain.com.au/96-flowerdale-road-liverpool-nsw-2170-2018469765
2018456886,8 Edwin Place,Liverpool,2170,995000,04 May 2023,Sold at auction,4,2,4,594,House,Domain,https://www.domain.com.au/8-edwin-place-liverpool-nsw-2170-2018456886
2019040570,107 & 107a Orange Grove Road,Liverpool,2170,1020000,02 May 2023,Sold by private treaty,6,2,3,663,House,Domain,https://www.domain.com.au/107-107a-orange-grove-road-liverpool-nsw-2170-2019040570
2018263466,29 McGowen Crescent,Liverpool,2170,1270000,26 Apr 2023,Sold by private treaty,3,1,1,691,House,Domain,https://www.domain.com.au/29-mcgowen-crescent-liverpool-nsw-2170-2018263466
2018441945,35 Apex Street,Liverpool,2170,900000,24 Apr 2023,Sold at auction,3,1,3,701,House,Domain,https://www.domain.com.au/35-apex-street-liverpool-nsw-2170-2018441945
2018088857,29A Speed Street,Liverpool,2170,550000,24 Apr 2023,Sold by private treaty,2,1,1,,House,Domain,https://www.domain.com.au/29a-speed-street-liverpool-nsw-2170-2018088857
2018456473,65 Reilly Street,Liverpool,2170,960000,19 Apr 2023,Sold by private treaty,3,1,1,556,House,Domain,https://www.domain.com.au/65-reilly-street-liverpool-nsw-2170-2018456473
2018431529,6 Cox's Avenue,Liverpool,2170,843000,15 Apr 2023,Sold at auction,5,2,1,556,House,Domain,https://www.domain.com.au/6-cox-s-avenue-liverpool-nsw-2170-2018431529
2018401187,21 Mainsbridge Avenue,Liverpool,2170,920000,31 Mar 2023,Sold by private treaty,3,1,1,733,House,Domain,https://www.domain.com.au/21-mainsbridge-avenue-liverpool-nsw-2170-2018401187
2018426704,236 Memorial ave,Liverpool,2170,925000,27 Mar 2023,Sold by private treaty,3,1,2,750,House,Domain,https://www.domain.com.au/236-memorial-ave-liverpool-nsw-2170-2018426704
2018391774,65 Passefield Street,Liverpool,2170,1120000,25 Mar 2023,Sold at auction,3,1,4,765,House,Domain,https://www.domain.com.au/65-passefield-street-liverpool-nsw-2170-2018391774
2018326566,20 Lakewood Crescent,Liverpool,2170,870000,18 Mar 2023,Sold at auction,5,2,1,999,House,Domain,https://www.domain.com.au/20-lakewood-crescent-liverpool-nsw-2170-2018326566
2018378982,6 Doral Place,Liverpool,2170,832500,18 Mar 2023,Sold at auction,4,1,3,727,House,Domain,https://www.domain.com.au/6-doral-place-liverpool-nsw-2170-2018378982
2018337009,52 Passefield Street,Liverpool,2170,916000,16 Mar 2023,Sold by private treaty,3,1,1,701,House,Domain,https://www.domain.com.au/52-passefield-street-liverpool-nsw-2170-2018337009
2018173407,49 Pearce Street,Liverpool,2170,850000,09 Mar 2023,Sold by private treaty,3,1,5,556,House,Domain,https://www.domain.com.au/49-pearce-street-liverpool-nsw-2170-2018173407
2018382797,74 Medley Avenue,Liverpool,2170,820000,08 Mar 2023,Sold by private treaty,3,2,3,512,House,Domain,https://www.domain.com.au/74-medley-avenue-liverpool-nsw-2170-2018382797
2018325752,26 Smith Crescent,Liverpool,2170,985000,04 Mar 2023,Sold at auction,4,2,1,,House,Domain,https://www.domain.com.au/26-smith-crescent-liverpool-nsw-2170-2018325752
2018320151,12&14 Anebo Street,Liverpool,2170,1950000,24 Feb 2023,Sold prior to auction,6,2,2,1426,House,Domain,https://www.domain.com.au/12-14-anebo-street-liverpool-nsw-2170-2018320151
2018184390,23 Tully Avenue,Liverpool,2170,910000,24 Feb 2023,Sold by private treaty,3,1,2,638,House,Domain,https://www.domain.com.au/23-tully-avenue-liverpool-nsw-2170-2018184390
2018350737,31 McLean Street,Liverpool,2170,795000,20 Feb 2023,Sold by private treaty,3,1,2,561,House,Domain,https://www.domain.com.au/31-mclean-street-liverpool-nsw-2170-2018350737
2018279551,29 Hindmarsh Road,Liverpool,2170,919500,04 Feb 2023,Sold at auction,3,1,2,564,House,Domain,https://www.domain.com.au/29-hindmarsh-road-liverpool-nsw-2170-2018279551
2018229994,5 Raine Avenue,Liverpool,2170,1020000,03 Feb 2023,Sold by private treaty,5,2,2,582,House,Domain,https://www.domain.com.au/5-raine-avenue-liverpool-nsw-2170-2018229994
2018290982,115 Atkinson Street,Liverpool,2170,1160000,28 Jan 2023,Sold by private treaty,5,2,2,654,House,Domain,https://www.domain.com.au/115-atkinson-street-liverpool-nsw-2170-2018290982
2018217338,4 Saint Annes Place,Liverpool,2170,1250000,09 Jan 2023,Sold by private treaty,4,2,2,680,House,Domain,https://www.domain.com.au/4-saint-annes-place-liverpool-nsw-2170-2018217338
2018214469,35 Vincent Avenue,Liverpool,2170,891000,17 Dec 2022,Sold at auction,4,1,2,556,House,Domain,https://www.domain.com.au/35-vincent-avenue-liverpool-nsw-2170-2018214469
2018110585,250 Memorial Avenue,Liverpool,2170,1260000,02 Dec 2022,Sold by private treaty,5,3,1,697,House,Domain,https://www.domain.com.au/250-memorial-avenue-liverpool-nsw-2170-2018110585
2018097784,13-15 Flowerdale Road,Liverpool,2170,1960000,29 Nov 2022,Sold by private treaty,5,2,,1392,House,Domain,https://www.domain.com.au/13-15-flowerdale-road-liverpool-nsw-2170-2018097784
2018152387,33 Smith Crescent,Liverpool,2170,790000,22 Nov 2022,Sold by private treaty,3,2,1,531,House,Domain,https://www.domain.com.au/33-smith-crescent-liverpool-nsw-2170-2018152387
2018156572,22 Boundary Road,Liverpool,2170,1250500,19 Nov 2022,Sold at auction,3,1,,893,House,Domain,https://www.domain.com.au/22-boundary-road-liverpool-nsw-2170-2018156572
2017985257,84 Boundary Road,Liverpool,2170,950000,11 Nov 2022,Sold by private treaty,4,2,2,557,House,Domain,https://www.domain.com.au/84-boundary-road-liverpool-nsw-2170-2017985257
2017884088,8 Pearce Street,Liverpool,2170,1040000,10 Nov 2022,Sold by private treaty,6,2,4,580,House,Domain,https://www.domain.com.au/8-pearce-street-liverpool-nsw-2170-2017884088
2018110046,115 Atkinson Street,Liverpool,2170,1135000,05 Nov 2022,Sold at auction,5,2,2,639,House,Domain,https://www.domain.com.au/115-atkinson-street-liverpool-nsw-2170-2018110046
2018161365,2 Doral Place,Liverpool,2170,800000,30 Oct 2022,Sold prior to auction,3,1,1,658,House,Domain,https://www.domain.com.au/2-doral-place-liverpool-nsw-2170-2018161365
2018113946,13 St Pauls Crescent,Liverpool,2170,920000,21 Oct 2022,Sold by private treaty,3,2,1,695,House,Domain,https://www.domain.com.au/13-st-pauls-crescent-liverpool-nsw-2170-2018113946
2018070493,52 Grimson Crescent,Liverpool,2170,990000,21 Oct 2022,Sold by private treaty,3,1,,746,House,Domain,https://www.domain.com.au/52-grimson-crescent-liverpool-nsw-2170-2018070493
2018110767,15 Deerwood Avenue,Liverpool,2170,900000,13 Oct 2022,Sold prior to auction,3,2,2,563,House,Domain,https://www.domain.com.au/15-deerwood-avenue-liverpool-nsw-2170-2018110767
2018108167,4 Mary Crescent,Liverpool,2170,1800000,13 Oct 2022,Sold prior to auction,6,5,3,702,House,Domain,https://www.domain.com.au/4-mary-crescent-liverpool-nsw-2170-2018108167
2017886849,63 Woodlands Road,Liverpool,2170,720000,05 Oct 2022,Sold by private treaty,3,1,2,588,House,Domain,https://www.domain.com.au/63-woodlands-road-liverpool-nsw-2170-2017886849
2018047695,14 Congressional Drive,Liverpool,2170,877000,01 Oct 2022,Sold at auction,2,2,2,556,House,Domain,https://www.domain.com.au/14-congressional-drive-liverpool-nsw-2170-2018047695
2017824887,24 Tobruk Avenue,Liverpool,2170,740000,28 Sep 2022,Sold by private treaty,2,1,1,300,House,Domain,https://www.domain.com.au/24-tobruk-avenue-liverpool-nsw-2170-2017824887
2017977027,54 Medley Avenue,Liverpool,2170,1130000,13 Sep 2022,Sold by private treaty,6,2,2,556,House,Domain,https://www.domain.com.au/54-medley-avenue-liverpool-nsw-2170-2017977027
2017995486,9 Lehmann Avenue,Liverpool,2170,950000,03 Sep 2022,Sold by private treaty,3,2,2,556,House,Domain,https://www.domain.com.au/9-lehmann-avenue-liverpool-nsw-2170-2017995486
2017926874,67 Reilly Street,Liverpool,2170,980000,02 Sep 2022,Sold by private treaty,4,1,2,588,House,Domain,https://www.domain.com.au/67-reilly-street-liverpool-nsw-2170-2017926874
2017907401,45 Marsden Road,Liverpool,2170,800000,01 Sep 2022,Sold by private treaty,3,1,3,689,House,Domain,https://www.domain.com.au/45-marsden-road-liverpool-nsw-2170-2017907401
2017975245,6 Tully Avenue,Liverpool,2170,916000,27 Aug 2022,Sold at auction,3,1,,758,House,Domain,https://www.domain.com.au/6-tully-avenue-liverpool-nsw-2170-2017975245
2018016864,30 Congressional Drive,Liverpool,2170,1500000,27 Aug 2022,Sold by private treaty,5,3,2,560,House,Domain,https://www.domain.com.au/30-congressional-drive-liverpool-nsw-2170-2018016864
2017971246,8 Calabro Avenue,Liverpool,2170,890000,27 Aug 2022,Sold at auction,3,2,1,637,House,Domain,https://www.domain.com.au/8-calabro-avenue-liverpool-nsw-2170-2017971246
2017844405,48 Woodlands Road,Liverpool,2170,1150000,26 Aug 2022,Sold by private treaty,6,2,2,695,House,Domain,https://www.domain.com.au/48-woodlands-road-liverpool-nsw-2170-2017844405
2017929841,41 Passefield,Liverpool,2170,1235000,25 Aug 2022,Sold by private treaty,7,5,2,673,House,Domain,https://www.domain.com.au/41-passefield-liverpool-nsw-2170-2017929841
2017997386,9 Deerwood Avenue,Liverpool,2170,920000,18 Aug 2022,Sold by private treaty,3,1,2,557,House,Domain,https://www.domain.com.au/9-deerwood-avenue-liverpool-nsw-2170-2017997386
2017896644,81 Flowerdale Road,Liverpool,2170,1400000,03 Aug 2022,Sold by private treaty,6,2,2,860,House,Domain,https://www.domain.com.au/81-flowerdale-road-liverpool-nsw-2170-2017896644
2017914172,38 Pearce Street,Liverpool,2170,855000,21 Jul 2022,Sold by private treaty,3,2,1,588,House,Domain,https://www.domain.com.au/38-pearce-street-liverpool-nsw-2170-2017914172
2017879451,24 Carboni Street,Liverpool,2170,1142000,09 Jul 2022,Sold at auction,3,1,1,701,House,Domain,https://www.domain.com.au/24-carboni-street-liverpool-nsw-2170-2017879451
2017852566,46 Maryvale Avenue,Liverpool,2170,910000,07 Jul 2022,Sold at auction,2,1,1,701,House,Domain,https://www.domain.com.au/46-maryvale-avenue-liverpool-nsw-2170-2017852566
2017653063,24 Mainsbridge Avenue,Liverpool,2170,1340000,05 Jul 2022,Sold by private treaty,6,3,2,,House,Domain,https://www.domain.com.au/24-mainsbridge-avenue-liverpool-nsw-2170-2017653063
2017840122,34 Park Road,Liverpool,2170,1110000,02 Jul 2022,Sold by private treaty,3,1,1,708,House,Domain,https://www.domain.com.au/34-park-road-liverpool-nsw-2170-2017840122
2017878401,84B Atkinson Street,Liverpool,2170,760000,01 Jul 2022,Sold at auction,3,2,3,316,House,Domain,https://www.domain.com.au/84b-atkinson-street-liverpool-nsw-2170-2017878401
2017853559,9 Wildman Avenue,Liverpool,2170,775000,25 Jun 2022,Sold at auction,3,1,1,561,House,Domain,https://www.domain.com.au/9-wildman-avenue-liverpool-nsw-2170-2017853559
2017825382,105 Woodlands Road,Liverpool,2170,1151000,18 Jun 2022,Sold at auction,4,1,2,1056,House,Domain,https://www.domain.com.au/105-woodlands-road-liverpool-nsw-2170-2017825382
2017792146,17 Stanton Street,Liverpool,2170,945000,04 Jun 2022,Sold at auction,4,1,1,704,House,Domain,https://www.domain.com.au/17-stanton-street-liverpool-nsw-2170-2017792146
2017830008,93A Atkinson Street,Liverpool,2170,890000,04 Jun 2022,Sold at auction,3,2,1,321,House,Domain,https://www.domain.com.au/93a-atkinson-street-liverpool-nsw-2170-2017830008
2017752017,66 Wildman Avenue,Liverpool,2170,839000,25 May 2022,Sold by private treaty,3,1,2,531,House,Domain,https://www.domain.com.au/66-wildman-avenue-liverpool-nsw-2170-2017752017
2017706013,3 Theo Street,Liverpool,2170,1300000,24 May 2022,Sold by private treaty,4,1,5,739,House,Domain,https://www.domain.com.au/3-theo-street-liverpool-nsw-2170-2017706013
2017679620,8 El Alamein Avenue,Liverpool,2170,1050000,21 May 2022,Sold by private treaty,2,1,1,708,House,Domain,https://www.domain.com.au/8-el-alamein-avenue-liverpool-nsw-2170-2017679620
2017055081,10 Hoxton Park Road,Liverpool,2170,1301000,20 May 2022,Sold by private treaty,3,1,2,,House,Domain,https://www.domain.com.au/10-hoxton-park-road-liverpool-nsw-2170-2017055081
2017746654,51 Reilly Street,Liverpool,2170,1011500,14 May 2022,Sold at auction,5,1,2,695,House,Domain,https://www.domain.com.au/51-reilly-street-liverpool-nsw-2170-2017746654
2017746351,41 Boundary Road,Liverpool,2170,1002000,14 May 2022,Sold at auction,3,1,1,658,House,Domain,https://www.domain.com.au/41-boundary-road-liverpool-nsw-2170-2017746351
2017746554,24 McMahon Avenue,Liverpool,2170,922000,14 May 2022,Sold at auction,4,2,3,512,House,Domain,https://www.domain.com.au/24-mcmahon-avenue-liverpool-nsw-2170-2017746554
2017702455,113 Medley Ave,Liverpool,2170,1190000,06 May 2022,Sold by private treaty,5,2,2,,House,Domain,https://www.domain.com.au/113-medley-ave-liverpool-nsw-2170-2017702455
2017689247,4 Roland Avenue,Liverpool,2170,870000,27 Apr 2022,Sold by private treaty,3,1,3,695,House,Domain,https://www.domain.com.au/4-roland-avenue-liverpool-nsw-2170-2017689247
2017660190,55 Grimson Crescent,Liverpool,2170,970000,09 Apr 2022,Sold at auction,3,3,2,,House,Domain,https://www.domain.com.au/55-grimson-crescent-liverpool-nsw-2170-2017660190
2017670636,19 Mains Bridge Avenue,Liverpool,2170,955000,09 Apr 2022,Sold by private treaty,4,2,,715,House,Domain,https://www.domain.com.au/19-mains-bridge-avenue-liverpool-nsw-2170-2017670636
2017669991,115-117 Elizabeth Drive,Liverpool,2170,2400000,08 Apr 2022,Sold prior to auction,6,2,1,1630,House,Domain,https://www.domain.com.au/115-117-elizabeth-drive-liverpool-nsw-2170-2017669991
2017611349,26 Boundary Road,Liverpool,2170,1290000,04 Apr 2022,Sold by private treaty,4,3,2,414,House,Domain,https://www.domain.com.au/26-boundary-road-liverpool-nsw-2170-2017611349
2017641489,19 Pearce Street,Liverpool,2170,1260000,02 Apr 2022,Sold at auction,4,1,3,651,House,Domain,https://www.domain.com.au/19-pearce-street-liverpool-nsw-2170-2017641489
2017644914,6 Lewis Road,Liverpool,2170,1080000,02 Apr 2022,Sold at auction,3,2,1,760,House,Domain,https://www.domain.com.au/6-lewis-road-liverpool-nsw-2170-2017644914
2017641488,5 Leitz Street,Liverpool,2170,1240000,01 Apr 2022,Sold prior to auction,6,3,4,854,House,Domain,https://www.domain.com.au/5-leitz-street-liverpool-nsw-2170-2017641488
2017671854,175 Moore Street,Liverpool,2170,1090000,31 Mar 2022,Sold by private treaty,3,1,1,,House,Domain,https://www.domain.com.au/175-moore-street-liverpool-nsw-2170-2017671854
2017496015,20 McGowen Crescent,Liverpool,2170,1160000,29 Mar 2022,Sold by private treaty,5,3,4,619,House,Domain,https://www.domain.com.au/20-mcgowen-crescent-liverpool-nsw-2170-2017496015
2017624439,37 Medley Avenue,Liverpool,2170,915000,22 Mar 2022,Sold prior to auction,4,1,1,556,House,Domain,https://www.domain.com.au/37-medley-avenue-liverpool-nsw-2170-2017624439
2017625223,48A Apex Street,Liverpool,2170,799000,21 Mar 2022,Sold by private treaty,3,2,1,,House,Domain,https://www.domain.com.au/48a-apex-street-liverpool-nsw-2170-2017625223
2017598390,52 Congressional Drive,Liverpool,2170,910000,19 Mar 2022,Sold at auction,3,2,2,554,House,Domain,https://www.domain.com.au/52-congressional-drive-liverpool-nsw-2170-2017598390
2017644044,228 Memorial Avenue,Liverpool,2170,950000,16 Mar 2022,Sold by private treaty,6,4,4,696,House,Domain,https://www.domain.com.au/228-memorial-avenue-liverpool-nsw-2170-2017644044
2017593931,78 Congressional Drive,Liverpool,2170,850000,12 Mar 2022,Sold at auction,3,1,3,557,House,Domain,https://www.domain.com.au/78-congressional-drive-liverpool-nsw-2170-2017593931
2017584624,26 Smith Crescent,Liverpool,2170,857500,08 Mar 2022,Sold by private treaty,4,2,1,300,House,Domain,https://www.domain.com.au/26-smith-crescent-liverpool-nsw-2170-2017584624
2017583802,43 O'Brien Pde,Liverpool,2170,830000,25 Feb 2022,Sold at auction,5,2,2,557,House,Domain,https://www.domain.com.au/43-o-brien-pde-liverpool-nsw-2170-2017583802
2017528443,41 Woodlands Road,Liverpool,2170,925000,19 Feb 2022,Sold at auction,2,1,1,707,House,Domain,https://www.domain.com.au/41-woodlands-road-liverpool-nsw-2170-2017528443
2017515915,21 Grimson Crescent,Liverpool,2170,1030000,09 Feb 2022,Sold by private treaty,5,3,2,,House,Domain,https://www.domain.com.au/21-grimson-crescent-liverpool-nsw-2170-2017515915
2017552044,10-12 Mayberry Crescent,Liverpool,2170,2400000,07 Feb 2022,Sold prior to auction,6,2,2,1710,House,Domain,https://www.domain.com.au/10-12-mayberry-crescent-liverpool-nsw-2170-2017552044
2017515966,69 Boundary Road,Liverpool,2170,1002000,05 Feb 2022,Sold at auction,3,1,1,739,House,Domain,https://www.domain.com.au/69-boundary-road-liverpool-nsw-2170-2017515966
2017502207,61 Congressional Drive,Liverpool,2170,870000,04 Feb 2022,Sold by private treaty,3,1,1,557,House,Domain,https://www.domain.com.au/61-congressional-drive-liverpool-nsw-2170-2017502207
2017555344,51 Anastasio Road,Liverpool,2170,1025000,01 Feb 2022,Sold at auction,4,2,2,463,House,Domain,https://www.domain.com.au/51-anastasio-road-liverpool-nsw-2170-2017555344
2017494276,3 Mcmahon Avenue,Liverpool,2170,1133000,29 Jan 2022,Sold at auction,3,1,3,512,House,Domain,https://www.domain.com.au/3-mcmahon-avenue-liverpool-nsw-2170-2017494276
2017494278,14 Tully Avenue,Liverpool,2170,843000,29 Jan 2022,Sold at auction,4,2,1,556,House,Domain,https://www.domain.com.au/14-tully-avenue-liverpool-nsw-2170-2017494278
2017413062,44 Anderson Avenue,Liverpool,2170,1075000,29 Jan 2022,Sold by private treaty,4,2,,825,House,Domain,https://www.domain.com.au/44-anderson-avenue-liverpool-nsw-2170-2017413062
2017465835,6 Phillip Street,Liverpool,2170,1001000,24 Jan 2022,Sold by private treaty,3,1,2,607,House,Domain,https://www.domain.com.au/6-phillip-street-liverpool-nsw-2170-2017465835
2017457246,60 Woodlands Road,Liverpool,2170,910000,17 Jan 2022,Sold by private treaty,3,1,1,613,House,Domain,https://www.domain.com.au/60-woodlands-road-liverpool-nsw-2170-2017457246
2017393665,46 Rotary Street,Liverpool,2170,900000,14 Jan 2022,Sold by private treaty,3,1,2,718,House,Domain,https://www.domain.com.au/46-rotary-street-liverpool-nsw-2170-2017393665
2017458228,50 Dale Avenue,Liverpool,2170,825000,27 Dec 2021,Sold by private treaty,3,2,1,,House,Domain,https://www.domain.com.au/50-dale-avenue-liverpool-nsw-2170-2017458228
2017468496,4 Coxs Avenue,Liverpool,2170,1000000,20 Dec 2021,Sold by private treaty,6,3,2,,House,Domain,https://www.domain.com.au/4-coxs-avenue-liverpool-nsw-2170-2017468496
2017388984,7a Reilly Street,Liverpool,2170,740000,15 Dec 2021,Sold by private treaty,3,2,2,278,House,Domain,https://www.domain.com.au/7a-reilly-street-liverpool-nsw-2170-2017388984
2017407716,72 Reilly Street,Liverpool,2170,920000,11 Dec 2021,Sold at auction,3,1,1,556,House,Domain,https://www.domain.com.au/72-reilly-street-liverpool-nsw-2170-2017407716
2017363047,63 Atkinson Street,Liverpool,2170,975000,06 Dec 2021,Sold by private treaty,5,3,2,,House,Domain,https://www.domain.com.au/63-atkinson-street-liverpool-nsw-2170-2017363047
2017393011,17 & 19 Rose Street,Liverpool,2170,1458000,06 Dec 2021,Sold at auction,5,4,,981,House,Domain,https://www.domain.com.au/17-19-rose-street-liverpool-nsw-2170-2017393011
2017387338,65 O'Brien Pde,Liverpool,2170,884000,04 Dec 2021,Sold at auction,3,1,1,520,House,Domain,https://www.domain.com.au/65-o-brien-pde-liverpool-nsw-2170-2017387338
2017389018,36 Alderson Avenue,Liverpool,2170,1350000,03 Dec 2021,Sold at auction,5,2,3,859,House,Domain,https://www.domain.com.au/36-alderson-avenue-liverpool-nsw-2170-2017389018
2017370495,30 Flowerdale Road,Liverpool,2170,1440000,24 Nov 2021,Sold prior to auction,8,5,4,695,House,Domain,https://www.domain.com.au/30-flowerdale-road-liverpool-nsw-2170-2017370495
2017331877,28 Boundary Road,Liverpool,2170,1301000,13 Nov 2021,Sold at auction,5,2,2,640,House,Domain,https://www.domain.com.au/28-boundary-road-liverpool-nsw-2170-2017331877
2017332874,6 Edwin Place,Liverpool,2170,1020500,13 Nov 2021,Sold at auction,4,1,2,803,House,Domain,https://www.domain.com.au/6-edwin-place-liverpool-nsw-2170-2017332874
2017365976,24A St Pauls Crescent,Liverpool,2170,702000,12 Nov 2021,Sold by private treaty,3,1,1,358,House,Domain,https://www.domain.com.au/24a-st-pauls-crescent-liverpool-nsw-2170-2017365976
2019710317,14 Anderson Avenue,Liverpool,2170,1285000,11 Nov 2021,Sold at auction,6,3,3,765,House,Domain,https://www.domain.com.au/14-anderson-avenue-liverpool-nsw-2170-2019710317
2017356211,12 Violet Avenue,Liverpool,2170,600000,10 Nov 2021,Sold by private treaty,2,1,1,289,House,Domain,https://www.domain.com.au/12-violet-avenue-liverpool-nsw-2170-2017356211
2017308965,155 Memorial Ave,Liverpool,2170,1055000,09 Nov 2021,Sold by private treaty,3,1,2,,House,Domain,https://www.domain.com.au/155-memorial-ave-liverpool-nsw-2170-2017308965
2017334218,36 Boundary Road,Liverpool,2170,1017000,06 Nov 2021,Sold at auction,3,1,2,639,House,Domain,https://www.domain.com.au/36-boundary-road-liverpool-nsw-2170-2017334218
2017324880,16B Boundary Road,Liverpool,2170,1070000,04 Nov 2021,Sold at auction,5,3,2,445,House,Domain,https://www.domain.com.au/16b-boundary-road-liverpool-nsw-2170-2017324880
2017319871,57 Alderson Avenue,Liverpool,2170,920000,03 Nov 2021,Sold by private treaty,3,1,3,562,House,Domain,https://www.domain.com.au/57-alderson-avenue-liverpool-nsw-2170-2017319871
2017289816,27 St. Pauls Crescent,Liverpool,2170,1290000,30 Oct 2021,Sold by private treaty,6,3,2,765,House,Domain,https://www.domain.com.au/27-st-pauls-crescent-liverpool-nsw-2170-2017289816
2017309102,27 Reilly Street,Liverpool,2170,900000,30 Oct 2021,Sold at auction,4,2,2,771,House,Domain,https://www.domain.com.au/27-reilly-street-liverpool-nsw-2170-2017309102
2017308492,27 Tully Avenue,Liverpool,2170,950000,30 Oct 2021,Sold at auction,3,1,,626,House,Domain,https://www.domain.com.au/27-tully-avenue-liverpool-nsw-2170-2017308492
2017306007,11 Bunce Road,Liverpool,2170,986000,27 Oct 2021,Sold by private treaty,4,1,3,664,House,Domain,https://www.domain.com.au/11-bunce-road-liverpool-nsw-2170-2017306007
2017244458,25 Smith Crescent,Liverpool,2170,900000,26 Oct 2021,Sold by private treaty,3,1,1,696,House,Domain,https://www.domain.com.au/25-smith-crescent-liverpool-nsw-2170-2017244458
2017335429,34-36 Anderson Avenue,Liverpool,2170,2400000,21 Oct 2021,Sold prior to auction,9,4,4,1593,House,Domain,https://www.domain.com.au/34-36-anderson-avenue-liverpool-nsw-2170-2017335429
2017356820,48 Anderson Avenue,Liverpool,2170,1180000,21 Oct 2021,Sold by private treaty,3,1,1,715,House,Domain,https://www.domain.com.au/48-anderson-avenue-liverpool-nsw-2170-2017356820
2017311496,51 Marsden Road,Liverpool,2170,1120000,20 Oct 2021,Sold at auction,4,1,4,910,House,Domain,https://www.domain.com.au/51-marsden-road-liverpool-nsw-2170-2017311496
2017292897,8 Danalam Street,Liverpool,2170,1100000,19 Oct 2021,Sold prior to auction,5,2,2,708,House,Domain,https://www.domain.com.au/8-danalam-street-liverpool-nsw-2170-2017292897
2017060872,Memorial Avenue,Liverpool,2170,910000,14 Oct 2021,Sold at auction,9,3,3,2086,House,Domain,https://www.domain.com.au/memorial-avenue-liverpool-nsw-2170-2017060872
2017254342,32 Rotary Street,Liverpool,2170,1250000,09 Oct 2021,Sold at auction,5,2,2,708,House,Domain,https://www.domain.com.au/32-rotary-street-liverpool-nsw-2170-2017254342
2017257037,7 Saunders Avenue,Liverpool,2170,960000,09 Oct 2021,Sold at auction,4,2,2,701,House,Domain,https://www.domain.com.au/7-saunders-avenue-liverpool-nsw-2170-2017257037
2017200436,19 Boundary Road,Liverpool,2170,1476000,18 Sep 2021,Sold at auction,6,2,3,1014,House,Domain,https://www.domain.com.au/19-boundary-road-liverpool-nsw-2170-2017200436
2017196277,28 Danalam Street,Liverpool,2170,865000,14 Sep 2021,Sold by private treaty,3,1,1,822,House,Domain,https://www.domain.com.au/28-danalam-street-liverpool-nsw-2170-2017196277
2017195981,44 Lehmann Avenue,Liverpool,2170,880000,11 Sep 2021,Sold at auction,3,1,1,562,House,Domain,https://www.domain.com.au/44-lehmann-avenue-liverpool-nsw-2170-2017195981
2017192204,3 Leitz Street,Liverpool,2170,947000,11 Sep 2021,Sold at auction,3,1,5,632,House,Domain,https://www.domain.com.au/3-leitz-street-liverpool-nsw-2170-2017192204
2017194613,36 Medley Ave,Liverpool,2170,850000,03 Sep 2021,Sold prior to auction,3,1,5,556,House,Domain,https://www.domain.com.au/36-medley-ave-liverpool-nsw-2170-2017194613
2017193410,30 Congressional Drive,Liverpool,2170,1350000,27 Aug 2021,Sold prior to auction,6,3,1,556,House,Domain,https://www.domain.com.au/30-congressional-drive-liverpool-nsw-2170-2017193410
2017058263,30-32 Park Road,Liverpool,2170,2100000,19 Aug 2021,Sold prior to auction,6,2,4,1474,House,Domain,https://www.domain.com.au/30-32-park-road-liverpool-nsw-2170-2017058263
2017097192,74 Lehmann Avenue,Liverpool,2170,960000,17 Aug 2021,Sold by private treaty,5,2,2,325,House,Domain,https://www.domain.com.au/74-lehmann-avenue-liverpool-nsw-2170-2017097192
2017110151,2 Gill Avenue,Liverpool,2170,2850000,14 Aug 2021,Sold at auction,4,2,10,1368,House,Domain,https://www.domain.com.au/2-gill-avenue-liverpool-nsw-2170-2017110151
2017095126,3 Harradance Place,Liverpool,2170,760000,13 Aug 2021,Sold by private treaty,3,1,1,580,House,Domain,https://www.domain.com.au/3-harradance-place-liverpool-nsw-2170-2017095126
2017182590,16 Charles Street,Liverpool,2170,1010000,13 Aug 2021,Sold by private treaty,5,2,3,578,House,Domain,https://www.domain.com.au/16-charles-street-liverpool-nsw-2170-2017182590
2017135879,132 Atkinson Street,Liverpool,2170,915000,23 Jul 2021,Sold by private treaty,3,1,3,638,House,Domain,https://www.domain.com.au/132-atkinson-street-liverpool-nsw-2170-2017135879
2016530529,122 Atkinson Street,Liverpool,2170,715000,26 Jun 2021,Sold at auction,2,1,2,566,House,Domain,https://www.domain.com.au/122-atkinson-street-liverpool-nsw-2170-2016530529
2017003091,49 Alderson Avenue,Liverpool,2170,1075000,21 Jun 2021,Sold at auction,5,4,5,594,House,Domain,https://www.domain.com.au/49-alderson-avenue-liverpool-nsw-2170-2017003091
2017007909,35 Woodlands Rd,Liverpool,2170,910000,12 Jun 2021,Sold at auction,3,1,3,695,House,Domain,https://www.domain.com.au/35-woodlands-rd-liverpool-nsw-2170-2017007909
2016985476,30 Tully Avenue,Liverpool,2170,777000,04 Jun 2021,Sold by private treaty,3,1,3,667,House,Domain,https://www.domain.com.au/30-tully-avenue-liverpool-nsw-2170-2016985476
2016962889,23 Tully Avenue,Liverpool,2170,860000,01 Jun 2021,Sold at auction,3,1,3,640,House,Domain,https://www.domain.com.au/23-tully-avenue-liverpool-nsw-2170-2016962889
2016955430,13 Ferrington Crescent,Liverpool,2170,1020000,29 May 2021,Sold at auction,4,2,1,682,House,Domain,https://www.domain.com.au/13-ferrington-crescent-liverpool-nsw-2170-2016955430
2016969634,26 Wildman Ave,Liverpool,2170,902000,29 May 2021,Sold by private treaty,4,2,5,594,House,Domain,https://www.domain.com.au/26-wildman-ave-liverpool-nsw-2170-2016969634
2016914376,8A Woodlands Road,Liverpool,2170,795000,26 May 2021,Sold by private treaty,4,2,4,457,House,Domain,https://www.domain.com.au/8a-woodlands-road-liverpool-nsw-2170-2016914376
2016956995,55 Rose Street,Liverpool,2170,888000,22 May 2021,Sold at auction,4,1,1,,House,Domain,https://www.domain.com.au/55-rose-street-liverpool-nsw-2170-2016956995
2016965825,87 Orange Grove Rd,Liverpool,2170,855000,22 May 2021,Sold at auction,6,3,5,556,House,Domain,https://www.domain.com.au/87-orange-grove-rd-liverpool-nsw-2170-2016965825
2016951402,79 O'Brien Parade,Liverpool,2170,780000,15 May 2021,Sold at auction,4,1,1,512,House,Domain,https://www.domain.com.au/79-o-brien-parade-liverpool-nsw-2170-2016951402
2016874443,143B Medley Avenue,Liverpool,2170,690000,13 May 2021,Sold at auction,3,1,1,,House,Domain,https://www.domain.com.au/143b-medley-avenue-liverpool-nsw-2170-2016874443
2016876527,10 Dale Avenue,Liverpool,2170,1055000,13 May 2021,Sold by private treaty,3,1,1,696,House,Domain,https://www.domain.com.au/10-dale-avenue-liverpool-nsw-2170-2016876527
2016920470,4 Mary Crescent,Liverpool,2170,730000,11 May 2021,Sold by private treaty,3,1,1,,House,Domain,https://www.domain.com.au/4-mary-crescent-liverpool-nsw-2170-2016920470
2016930937,59A Marsden Road,Liverpool,2170,717000,08 May 2021,Sold at auction,4,1,1,,House,Domain,https://www.domain.com.au/59a-marsden-road-liverpool-nsw-2170-2016930937
2016900593,61 Medley Avenue,Liverpool,2170,870000,01 May 2021,Sold at auction,3,1,5,562,House,Domain,https://www.domain.com.au/61-medley-avenue-liverpool-nsw-2170-2016900593
2016898387,90 McGowen Crescent,Liverpool,2170,1001000,24 Apr 2021,Sold at auction,4,2,4,651,House,Domain,https://www.domain.com.au/90-mcgowen-crescent-liverpool-nsw-2170-2016898387
2016899007,44 Rotary Street,Liverpool,2170,931000,24 Apr 2021,Sold at auction,4,1,1,632,House,Domain,https://www.domain.com.au/44-rotary-street-liverpool-nsw-2170-2016899007
2016845861,22 Smith Crescent,Liverpool,2170,740000,23 Apr 2021,Sold by private treaty,5,2,1,,House,Domain,https://www.domain.com.au/22-smith-crescent-liverpool-nsw-2170-2016845861
2016913820,21 Congressional Drive,Liverpool,2170,830000,15 Apr 2021,Sold by private treaty,3,1,1,569,House,Domain,https://www.domain.com.au/21-congressional-drive-liverpool-nsw-2170-2016913820
2016600595,204-206 Moore Street,Liverpool,2170,1850000,08 Apr 2021,Sold by private treaty,5,2,2,1473,House,Domain,https://www.domain.com.au/204-206-moore-street-liverpool-nsw-2170-2016600595
2016877314,17 Woodlands Road,Liverpool,2170,880000,01 Apr 2021,Sold by private treaty,3,1,,740,House,Domain,https://www.domain.com.au/17-woodlands-road-liverpool-nsw-2170-2016877314
2016834062,13 Dale Avenue,Liverpool,2170,880000,20 Mar 2021,Sold at auction,3,1,3,695,House,Domain,https://www.domain.com.au/13-dale-avenue-liverpool-nsw-2170-2016834062
2016751473,72 Medley Avenue,Liverpool,2170,800000,18 Mar 2021,Sold by private treaty,3,2,4,,House,Domain,https://www.domain.com.au/72-medley-avenue-liverpool-nsw-2170-2016751473
2016787153,59 Reilly Street,Liverpool,2170,855000,08 Mar 2021,Sold at auction,5,2,1,569,House,Domain,https://www.domain.com.au/59-reilly-street-liverpool-nsw-2170-2016787153
2016816698,8 Oakborne Road,Liverpool,2170,770000,04 Mar 2021,Sold by private treaty,3,2,2,557,House,Domain,https://www.domain.com.au/8-oakborne-road-liverpool-nsw-2170-2016816698
2016766051,103 Atkinson Street,Liverpool,2170,825000,02 Mar 2021,Sold at auction,3,1,1,634,House,Domain,https://www.domain.com.au/103-atkinson-street-liverpool-nsw-2170-2016766051
2016765373,1 Macken Street,Liverpool,2170,800000,25 Feb 2021,Sold prior to auction,3,1,2,658,House,Domain,https://www.domain.com.au/1-macken-street-liverpool-nsw-2170-2016765373
2016773194,34 Anderson Avenue,Liverpool,2170,950000,24 Feb 2021,Sold prior to auction,3,1,1,803,House,Domain,https://www.domain.com.au/34-anderson-avenue-liverpool-nsw-2170-2016773194
2016738276,183 Memorial Ave,Liverpool,2170,889000,13 Feb 2021,Sold at auction,5,3,1,691,House,Domain,https://www.domain.com.au/183-memorial-ave-liverpool-nsw-2170-2016738276
2016721569,87 Congressional Drive,Liverpool,2170,795000,06 Feb 2021,Sold at auction,4,2,4,557,House,Domain,https://www.domain.com.au/87-congressional-drive-liverpool-nsw-2170-2016721569
2016705609,16 Monteclair Avenue,Liverpool,2170,720000,30 Jan 2021,Sold at auction,4,2,1,556,House,Domain,https://www.domain.com.au/16-monteclair-avenue-liverpool-nsw-2170-2016705609
2016589621,74a Liverpool Street,Liverpool,2170,695000,15 Dec 2020,Sold by private treaty,3,2,1,356,House,Domain,https://www.domain.com.au/74a-liverpool-street-liverpool-nsw-2170-2016589621
2016641665,48 Murphy Ave,Liverpool,2170,1050000,14 Dec 2020,Sold at auction,5,2,,1048,House,Domain,https://www.domain.com.au/48-murphy-ave-liverpool-nsw-2170-2016641665
2016667367,46 Wildman Avenue,Liverpool,2170,790000,11 Dec 2020,Sold by private treaty,3,1,6,556,House,Domain,https://www.domain.com.au/46-wildman-avenue-liverpool-nsw-2170-2016667367
2016517603,9 Woodlands Road,Liverpool,2170,795000,07 Dec 2020,Sold by private treaty,4,1,1,692,House,Domain,https://www.domain.com.au/9-woodlands-road-liverpool-nsw-2170-2016517603
2016653012,83B Flowerdale Road,Liverpool,2170,740000,01 Dec 2020,Sold by private treaty,4,2,2,,House,Domain,https://www.domain.com.au/83b-flowerdale-road-liverpool-nsw-2170-2016653012
2016643466,269 Memorial Avenue,Liverpool,2170,720000,25 Nov 2020,Sold by private treaty,2,1,1,695,House,Domain,https://www.domain.com.au/269-memorial-avenue-liverpool-nsw-2170-2016643466
2016549147,85a Flowerdale Road,Liverpool,2170,730500,23 Nov 2020,Sold by private treaty,4,3,2,,House,Domain,https://www.domain.com.au/85a-flowerdale-road-liverpool-nsw-2170-2016549147
2016519333,43 Mary Crescent,Liverpool,2170,697000,02 Nov 2020,Sold at auction,3,1,3,557,House,Domain,https://www.domain.com.au/43-mary-crescent-liverpool-nsw-2170-2016519333
2016531196,53 Grimson Crescent,Liverpool,2170,873000,31 Oct 2020,Sold at auction,3,1,5,828,House,Domain,https://www.domain.com.au/53-grimson-crescent-liverpool-nsw-2170-2016531196
2016550687,80 Medley Avenue,Liverpool,2170,791000,30 Oct 2020,Sold by private treaty,4,2,1,512,House,Domain,https://www.domain.com.au/80-medley-avenue-liverpool-nsw-2170-2016550687
2016467094,9B Danalam Street,Liverpool,2170,805000,30 Oct 2020,Sold at auction,5,3,1,359,House,Domain,https://www.domain.com.au/9b-danalam-street-liverpool-nsw-2170-2016467094
2016517355,2 Mainsbridge Avenue,Liverpool,2170,710000,27 Oct 2020,Sold by private treaty,2,2,2,,House,Domain,https://www.domain.com.au/2-mainsbridge-avenue-liverpool-nsw-2170-2016517355
2016531759,6 Thorn Street,Liverpool,2170,720000,20 Oct 2020,Sold by private treaty,5,1,2,531,House,Domain,https://www.domain.com.au/6-thorn-street-liverpool-nsw-2170-2016531759
2016503723,77 Lehmann Avenue,Liverpool,2170,810000,14 Oct 2020,Sold at auction,4,2,3,727,House,Domain,https://www.domain.com.au/77-lehmann-avenue-liverpool-nsw-2170-2016503723
2016494154,53 Congressional Drive,Liverpool,2170,715000,07 Oct 2020,Sold by private treaty,3,1,1,562,House,Domain,https://www.domain.com.au/53-congressional-drive-liverpool-nsw-2170-2016494154
2016485563,51 McLean Street,Liverpool,2170,770000,06 Oct 2020,Sold by private treaty,5,1,3,556,House,Domain,https://www.domain.com.au/51-mclean-street-liverpool-nsw-2170-2016485563
2016341014,7 Markell Place,Liverpool,2170,800000,14 Sep 2020,Sold by private treaty,4,2,1,730,House,Domain,https://www.domain.com.au/7-markell-place-liverpool-nsw-2170-2016341014
2016432588,70 Medley Avenue,Liverpool,2170,720000,12 Sep 2020,Sold at auction,3,1,3,512,House,Domain,https://www.domain.com.au/70-medley-avenue-liverpool-nsw-2170-2016432588
2016456311,38 Maryvale Avenue,Liverpool,2170,860000,10 Sep 2020,Sold by private treaty,4,1,1,702,House,Domain,https://www.domain.com.au/38-maryvale-avenue-liverpool-nsw-2170-2016456311
2016428017,38 Rotary Street,Liverpool,2170,856500,05 Sep 2020,Sold at auction,3,3,1,734,House,Domain,https://www.domain.com.au/38-rotary-street-liverpool-nsw-2170-2016428017
2016474918,16 Tobruk Avenue,Liverpool,2170,1200000,01 Sep 2020,Sold by private treaty,3,2,1,841,House,Domain,https://www.domain.com.au/16-tobruk-avenue-liverpool-nsw-2170-2016474918
2016400109,44 Murphy Avenue,Liverpool,2170,756000,22 Aug 2020,Sold at auction,3,1,3,784,House,Domain,https://www.domain.com.au/44-murphy-avenue-liverpool-nsw-2170-2016400109
2016415273,79 Woodlands Road,Liverpool,2170,740000,14 Aug 2020,Sold prior to auction,3,1,1,695,House,Domain,https://www.domain.com.au/79-woodlands-road-liverpool-nsw-2170-2016415273
2016413715,16 Murphy Avenue,Liverpool,2170,765000,07 Aug 2020,Sold by private treaty,3,1,1,538,House,Domain,https://www.domain.com.au/16-murphy-avenue-liverpool-nsw-2170-2016413715
2016219634,5 Cypress Place,Liverpool,2170,690000,06 Jul 2020,Sold by private treaty,3,1,2,,House,Domain,https://www.domain.com.au/5-cypress-place-liverpool-nsw-2170-2016219634
2016141714,251 Memorial Ave,Liverpool,2170,650000,30 Jun 2020,Sold by private treaty,3,2,1,695,House,Domain,https://www.domain.com.au/251-memorial-ave-liverpool-nsw-2170-2016141714
2016266112,83a Flowerdale Road,Liverpool,2170,725000,26 Jun 2020,Sold by private treaty,4,3,2,,House,Domain,https://www.domain.com.au/83a-flowerdale-road-liverpool-nsw-2170-2016266112
2016228518,32 Monteclair Avenue,Liverpool,2170,710000,20 Jun 2020,Sold by private treaty,3,1,2,556,House,Domain,https://www.domain.com.au/32-monteclair-avenue-liverpool-nsw-2170-2016228518
2016211859,50 McGowen Crescent,Liverpool,2170,802500,06 Jun 2020,Sold by private treaty,4,2,5,,House,Domain,https://www.domain.com.au/50-mcgowen-crescent-liverpool-nsw-2170-2016211859
2015966499,236 Memorial Ave,Liverpool,2170,770000,06 Jun 2020,Sold by private treaty,3,1,3,752,House,Domain,https://www.domain.com.au/236-memorial-ave-liverpool-nsw-2170-2015966499
2016278202,86 Copeland Street,Liverpool,2170,870000,04 Jun 2020,Sold by private treaty,3,1,1,762,House,Domain,https://www.domain.com.au/86-copeland-street-liverpool-nsw-2170-2016278202
2016233556,85A Atkinson Street,Liverpool,2170,685000,30 May 2020,Sold by private treaty,4,2,1,320,House,Domain,https://www.domain.com.au/85a-atkinson-street-liverpool-nsw-2170-2016233556
2016242742,14 McMahon Ave,Liverpool,2170,700000,30 May 2020,Sold at auction,3,1,1,512,House,Domain,https://www.domain.com.au/14-mcmahon-ave-liverpool-nsw-2170-2016242742
2016199317,26 Birkdale Crescent,Liverpool,2170,650000,12 May 2020,Sold by private treaty,3,1,2,562,House,Domain,https://www.domain.com.au/26-birkdale-crescent-liverpool-nsw-2170-2016199317
2016212665,4 Deerwood Avenue,Liverpool,2170,760000,09 May 2020,Sold at auction,3,1,2,556,House,Domain,https://www.domain.com.au/4-deerwood-avenue-liverpool-nsw-2170-2016212665
2016195243,2 Dale Avenue,Liverpool,2170,850000,04 May 2020,Sold by private treaty,3,1,2,846,House,Domain,https://www.domain.com.au/2-dale-avenue-liverpool-nsw-2170-2016195243
2016126426,5 Cullens Place,Liverpool,2170,870000,14 Apr 2020,Sold by private treaty,3,1,4,,House,Domain,https://www.domain.com.au/5-cullens-place-liverpool-nsw-2170-2016126426
2016053909,117 Atkinson Street,Liverpool,2170,730000,10 Apr 2020,Sold by private treaty,4,2,2,651,House,Domain,https://www.domain.com.au/117-atkinson-street-liverpool-nsw-2170-2016053909
2016100516,43 Mayberry Crescent,Liverpool,2170,860000,08 Apr 2020,Sold by private treaty,4,1,2,765,House,Domain,https://www.domain.com.au/43-mayberry-crescent-liverpool-nsw-2170-2016100516
2016140582,5 Lewis Road,Liverpool,2170,819500,03 Apr 2020,Sold at auction,3,1,1,803,House,Domain,https://www.domain.com.au/5-lewis-road-liverpool-nsw-2170-2016140582
2016093833,88 Mcgowan Crescent,Liverpool,2170,760000,27 Mar 2020,Sold by private treaty,4,3,5,,House,Domain,https://www.domain.com.au/88-mcgowan-crescent-liverpool-nsw-2170-2016093833
2016158755,62 Pearce Street,Liverpool,2170,750000,24 Mar 2020,Sold by private treaty,3,2,1,,House,Domain,https://www.domain.com.au/62-pearce-street-liverpool-nsw-2170-2016158755
2016233347,119 Flowerdale Ave,Liverpool,2170,1000000,13 Mar 2020,Sold by private treaty,3,1,,898,House,Domain,https://www.domain.com.au/119-flowerdale-ave-liverpool-nsw-2170-2016233347
2016033186,20 Dale Avenue,Liverpool,2170,1000000,22 Feb 2020,Sold at auction,5,2,2,701,House,Domain,https://www.domain.com.au/20-dale-avenue-liverpool-nsw-2170-2016033186
2016023220,75 Congressional Drive,Liverpool,2170,800000,18 Feb 2020,Sold by private treaty,5,2,2,557,House,Domain,https://www.domain.com.au/75-congressional-drive-liverpool-nsw-2170-2016023220
2016005876,35 Dale Avenue,Liverpool,2170,830000,15 Feb 2020,Sold at auction,7,2,4,752,House,Domain,https://www.domain.com.au/35-dale-avenue-liverpool-nsw-2170-2016005876
2016036365,64 Pearce Street,Liverpool,2170,780000,14 Feb 2020,Sold by private treaty,4,2,1,,House,Domain,https://www.domain.com.au/64-pearce-street-liverpool-nsw-2170-2016036365
2015878699,196 Moore Street,Liverpool,2170,895000,13 Feb 2020,Sold at auction,3,1,3,695,House,Domain,https://www.domain.com.au/196-moore-street-liverpool-nsw-2170-2015878699
2015992583,16 Smith Crescent,Liverpool,2170,1056000,10 Feb 2020,Sold at auction,6,2,8,847,House,Domain,https://www.domain.com.au/16-smith-crescent-liverpool-nsw-2170-2015992583
2021063998,4 Potts Street,Ryde,2112,2100000,16 Sep 2026,Sold by private treaty,5,2,2,524,House,Domain,https://www.domain.com.au/4-potts-street-ryde-nsw-2112-2021063998
2021019649,12 Bennelong Way,Ryde,2112,3080000,10 Sep 2026,Sold by private treaty,4,3,4,,House,Domain,https://www.domain.com.au/12-bennelong-way-ryde-nsw-2112-2021019649
2021066153,13 Charles Street,Ryde,2112,3620000,05 Sep 2026,Sold at auction,5,3,2,696,House,Domain,https://www.domain.com.au/13-charles-street-ryde-nsw-2112-2021066153
2021129718,169 Quarry Road,Ryde,2112,2100000,03 Sep 2026,Sold by private treaty,3,1,2,613,House,Domain,https://www.domain.com.au/169-quarry-road-ryde-nsw-2112-2021129718
2020563359,5 Pidding Road,Ryde,2112,2200000,14 Aug 2026,Sold by private treaty,5,3,3,,House,Domain,https://www.domain.com.au/5-pidding-road-ryde-nsw-2112-2020563359
2020813921,33 Kuppa Road,Ryde,2112,2050000,04 Aug 2026,Sold by private treaty,3,2,1,568,House,Domain,https://www.domain.com.au/33-kuppa-road-ryde-nsw-2112-2020813921
2020945360,3 Robert Street,Ryde,2112,3001000,25 Jul 2026,Sold at auction,3,2,1,834,House,Domain,https://www.domain.com.au/3-robert-street-ryde-nsw-2112-2020945360
2020948620,51 Aeolus Avenue,Ryde,2112,2208000,25 Jul 2026,Sold at auction,4,2,3,581,House,Domain,https://www.domain.com.au/51-aeolus-avenue-ryde-nsw-2112-2020948620
2020960534,196 Buffalo Road,Ryde,2112,3800000,25 Jul 2026,Sold at auction,5,3,2,948,House,Domain,https://www.domain.com.au/196-buffalo-road-ryde-nsw-2112-2020960534
2020310543,16 Cameron Crescent,Ryde,2112,3450000,10 Jul 2026,Sold by private treaty,5,4,3,,House,Domain,https://www.domain.com.au/16-cameron-crescent-ryde-nsw-2112-2020310543
2020901954,1 Samuel Street,Ryde,2112,3088000,04 Jul 2026,Sold at auction,5,5,4,333,House,Domain,https://www.domain.com.au/1-samuel-street-ryde-nsw-2112-2020901954
2020924246,90 Lane Cove Road,Ryde,2112,1750000,01 Jul 2026,Sold prior to auction,3,2,2,695,House,Domain,https://www.domain.com.au/90-lane-cove-road-ryde-nsw-2112-2020924246
2020702707,27 Bowden Street,Ryde,2112,1800000,26 Jun 2026,Sold by private treaty,3,2,2,493,House,Domain,https://www.domain.com.au/27-bowden-street-ryde-nsw-2112-2020702707
2020793435,33 Aeolus Avenue,Ryde,2112,2700000,20 Jun 2026,Sold by private treaty,5,3,2,,House,Domain,https://www.domain.com.au/33-aeolus-avenue-ryde-nsw-2112-2020793435
2020796934,20 North Road,Ryde,2112,3175000,13 Jun 2026,Sold at auction,5,3,3,708,House,Domain,https://www.domain.com.au/20-north-road-ryde-nsw-2112-2020796934
2020867699,23 Bidgee Road,Ryde,2112,2850000,11 Jun 2026,Sold prior to auction,5,4,4,366,House,Domain,https://www.domain.com.au/23-bidgee-road-ryde-nsw-2112-2020867699
2020674201,31 Bowden Street,Ryde,2112,2200000,06 Jun 2026,Sold at auction,5,3,2,,House,Domain,https://www.domain.com.au/31-bowden-street-ryde-nsw-2112-2020674201
2020845296,19 Badajoz Road,Ryde,2112,2340000,06 Jun 2026,Sold at auction,3,2,2,625,House,Domain,https://www.domain.com.au/19-badajoz-road-ryde-nsw-2112-2020845296
2020578713,3 Stephen Avenue,Ryde,2112,2080000,06 Jun 2026,Sold by private treaty,3,1,2,537,House,Domain,https://www.domain.com.au/3-stephen-avenue-ryde-nsw-2112-2020578713
2020803502,6 Christine Avenue,Ryde,2112,2830000,05 Jun 2026,Sold by private treaty,3,2,2,619,House,Domain,https://www.domain.com.au/6-christine-avenue-ryde-nsw-2112-2020803502
2020823195,3 Argyle Avenue,Ryde,2112,2600000,05 Jun 2026,Sold by private treaty,4,3,2,398,House,Domain,https://www.domain.com.au/3-argyle-avenue-ryde-nsw-2112-2020823195
2020839557,26 Thorn Street,Ryde,2112,2810000,02 Jun 2026,Sold prior to auction,4,2,2,676,House,Domain,https://www.domain.com.au/26-thorn-street-ryde-nsw-2112-2020839557
2020616253,94 Quarry Road,Ryde,2112,1800000,02 Jun 2026,Sold at auction,3,1,1,531,House,Domain,https://www.domain.com.au/94-quarry-road-ryde-nsw-2112-2020616253
2020840890,31 North Road,Ryde,2112,2350000,01 Jun 2026,Sold prior to auction,2,1,1,695,House,Domain,https://www.domain.com.au/31-north-road-ryde-nsw-2112-2020840890
2020802333,41 Susan Schardt Way,Ryde,2112,2590000,01 Jun 2026,Sold by private treaty,5,4,2,,House,Domain,https://www.domain.com.au/41-susan-schardt-way-ryde-nsw-2112-2020802333
2020822407,23A Heath Street,Ryde,2112,2460000,29 May 2026,Sold prior to auction,5,4,1,371,House,Domain,https://www.domain.com.au/23a-heath-street-ryde-nsw-2112-2020822407
2020668443,13 Wolger Road,Ryde,2112,2029000,23 May 2026,Sold at auction,3,3,3,696,House,Domain,https://www.domain.com.au/13-wolger-road-ryde-nsw-2112-2020668443
2020803958,12 Arnold Street,Ryde,2112,4050000,22 May 2026,Sold prior to auction,5,3,2,,House,Domain,https://www.domain.com.au/12-arnold-street-ryde-nsw-2112-2020803958
2020616983,16 Samuel Street,Ryde,2112,2598000,21 May 2026,Sold by private treaty,5,4,2,410,House,Domain,https://www.domain.com.au/16-samuel-street-ryde-nsw-2112-2020616983
2020747724,49 Boyce Street,Ryde,2112,2985000,16 May 2026,Sold at auction,5,4,2,349,House,Domain,https://www.domain.com.au/49-boyce-street-ryde-nsw-2112-2020747724
2020874981,26 Dorothy Street,Ryde,2112,2415000,15 May 2026,Sold at auction,3,1,1,594,House,Domain,https://www.domain.com.au/26-dorothy-street-ryde-nsw-2112-2020874981
2020555098,165 Quarry Road,Ryde,2112,2130000,15 May 2026,Sold by private treaty,4,2,2,,House,Domain,https://www.domain.com.au/165-quarry-road-ryde-nsw-2112-2020555098
2020721012,27 Smalls Road,Ryde,2112,2515000,15 May 2026,Sold by private treaty,5,3,1,,House,Domain,https://www.domain.com.au/27-smalls-road-ryde-nsw-2112-2020721012
2020827244,1 Cowell Street,Ryde,2112,2075000,12 May 2026,Sold by private treaty,3,2,2,550,House,Domain,https://www.domain.com.au/1-cowell-street-ryde-nsw-2112-2020827244
2020750281,53A Princes Street,Ryde,2112,2700000,09 May 2026,Sold at auction,5,4,3,,House,Domain,https://www.domain.com.au/53a-princes-street-ryde-nsw-2112-2020750281
2020633915,14 Shepherd Street,Ryde,2112,3200000,06 May 2026,Sold by private treaty,5,3,3,885,House,Domain,https://www.domain.com.au/14-shepherd-street-ryde-nsw-2112-2020633915
2020557981,28 Kulgoa Avenue,Ryde,2112,3650000,01 May 2026,Sold by private treaty,5,3,2,,House,Domain,https://www.domain.com.au/28-kulgoa-avenue-ryde-nsw-2112-2020557981
2020807853,7 Colston Street,Ryde,2112,2500000,28 Apr 2026,Sold by private treaty,2,2,1,,House,Domain,https://www.domain.com.au/7-colston-street-ryde-nsw-2112-2020807853
2020669766,160C Quarry Road,Ryde,2112,2240000,28 Apr 2026,Sold prior to auction,5,3,2,302,House,Domain,https://www.domain.com.au/160c-quarry-road-ryde-nsw-2112-2020669766
2020560334,21 Smalls Road,Ryde,2112,3220000,22 Apr 2026,Sold by private treaty,5,4,5,,House,Domain,https://www.domain.com.au/21-smalls-road-ryde-nsw-2112-2020560334
2020597032,25A Greene Avenue,Ryde,2112,2240000,21 Apr 2026,Sold by private treaty,5,4,2,366,House,Domain,https://www.domain.com.au/25a-greene-avenue-ryde-nsw-2112-2020597032
2020771622,29A Bruce Street,Ryde,2112,1800000,17 Apr 2026,Sold by private treaty,3,2,1,349,House,Domain,https://www.domain.com.au/29a-bruce-street-ryde-nsw-2112-2020771622
2020652570,86 Princes Street,Ryde,2112,3400000,13 Apr 2026,Sold prior to auction,6,3,2,575,House,Domain,https://www.domain.com.au/86-princes-street-ryde-nsw-2112-2020652570
2020635741,33a Aeolus Avenue,Ryde,2112,2800000,09 Apr 2026,Sold by private treaty,5,3,2,,House,Domain,https://www.domain.com.au/33a-aeolus-avenue-ryde-nsw-2112-2020635741
2020521880,26 Lardelli Drive,Ryde,2112,2160000,08 Apr 2026,Sold by private treaty,3,2,2,261,House,Domain,https://www.domain.com.au/26-lardelli-drive-ryde-nsw-2112-2020521880
2020730707,24A Hancott Street,Ryde,2112,2300000,02 Apr 2026,Sold by private treaty,5,3,2,,House,Domain,https://www.domain.com.au/24a-hancott-street-ryde-nsw-2112-2020730707
2020694292,30 Forrest Road,Ryde,2112,3200000,02 Apr 2026,Sold by private treaty,4,2,1,1157,House,Domain,https://www.domain.com.au/30-forrest-road-ryde-nsw-2112-2020694292
2020362542,2 Lock Street,Ryde,2112,2100000,31 Mar 2026,Sold by private treaty,3,1,2,556,House,Domain,https://www.domain.com.au/2-lock-street-ryde-nsw-2112-2020362542
2020662417,23A Elizabeth Street,Ryde,2112,2480000,25 Mar 2026,Sold by private treaty,5,3,2,336,House,Domain,https://www.domain.com.au/23a-elizabeth-street-ryde-nsw-2112-2020662417
2020633839,52 Princes Street,Ryde,2112,2530000,23 Mar 2026,Sold at auction,4,2,2,537,House,Domain,https://www.domain.com.au/52-princes-street-ryde-nsw-2112-2020633839
2020594556,27A Smalls Road,Ryde,2112,2600000,21 Mar 2026,Sold at auction,5,3,1,,House,Domain,https://www.domain.com.au/27a-smalls-road-ryde-nsw-2112-2020594556
2020680646,53 Princes Street,Ryde,2112,2800000,20 Mar 2026,Sold at auction,5,4,3,354,House,Domain,https://www.domain.com.au/53-princes-street-ryde-nsw-2112-2020680646
2020698067,100 Princes Street,Ryde,2112,3360000,18 Mar 2026,Sold prior to auction,6,3,2,1239,House,Domain,https://www.domain.com.au/100-princes-street-ryde-nsw-2112-2020698067
2020527042,7 Tennyson Road,Ryde,2112,2650000,17 Mar 2026,Sold by private treaty,3,2,2,550,House,Domain,https://www.domain.com.au/7-tennyson-road-ryde-nsw-2112-2020527042
2020623182,212 Buffalo Road,Ryde,2112,2175000,14 Mar 2026,Sold at auction,3,1,6,923,House,Domain,https://www.domain.com.au/212-buffalo-road-ryde-nsw-2112-2020623182
2020413973,8 Ronald Avenue,Ryde,2112,3520000,12 Mar 2026,Sold by private treaty,6,3,3,,House,Domain,https://www.domain.com.au/8-ronald-avenue-ryde-nsw-2112-2020413973
2020508153,34 Parkes Street,Ryde,2112,2750000,11 Mar 2026,Sold by private treaty,4,2,2,557,House,Domain,https://www.domain.com.au/34-parkes-street-ryde-nsw-2112-2020508153
2020583616,99 North Road,Ryde,2112,2630000,07 Mar 2026,Sold at auction,5,3,3,,House,Domain,https://www.domain.com.au/99-north-road-ryde-nsw-2112-2020583616
2020310542,16a Cameron Crescent,Ryde,2112,3350000,06 Mar 2026,Sold by private treaty,5,2,2,,House,Domain,https://www.domain.com.au/16a-cameron-crescent-ryde-nsw-2112-2020310542
2020542966,163 Buffalo Road,Ryde,2112,3400000,05 Mar 2026,Sold prior to auction,6,3,4,1005,House,Domain,https://www.domain.com.au/163-buffalo-road-ryde-nsw-2112-2020542966
2020297268,20 Lardelli Drive,Ryde,2112,2100000,04 Mar 2026,Sold by private treaty,3,2,2,,House,Domain,https://www.domain.com.au/20-lardelli-drive-ryde-nsw-2112-2020297268
2020561619,27 Frederick Street,Ryde,2112,3100000,28 Feb 2026,Sold prior to auction,3,1,2,,House,Domain,https://www.domain.com.au/27-frederick-street-ryde-nsw-2112-2020561619
2020563946,21 Arnold Street,Ryde,2112,3590000,28 Feb 2026,Sold at auction,4,2,2,,House,Domain,https://www.domain.com.au/21-arnold-street-ryde-nsw-2112-2020563946
2020462666,10a Princes Street,Ryde,2112,3050000,28 Feb 2026,Sold by private treaty,4,4,3,,House,Domain,https://www.domain.com.au/10a-princes-street-ryde-nsw-2112-2020462666
2020549772,22 Stuart Street,Ryde,2112,3525000,28 Feb 2026,Sold at auction,3,2,2,758,House,Domain,https://www.domain.com.au/22-stuart-street-ryde-nsw-2112-2020549772
2020548895,46 Frederick Street,Ryde,2112,3100000,27 Feb 2026,Sold at auction,4,3,3,613,House,Domain,https://www.domain.com.au/46-frederick-street-ryde-nsw-2112-2020548895
2020562494,15 Boyce Street,Ryde,2112,2950000,24 Feb 2026,Sold by private treaty,4,2,4,,House,Domain,https://www.domain.com.au/15-boyce-street-ryde-nsw-2112-2020562494
2020525615,30 Wandoo Avenue,Ryde,2112,2350000,21 Feb 2026,Sold by private treaty,4,2,2,662,House,Domain,https://www.domain.com.au/30-wandoo-avenue-ryde-nsw-2112-2020525615
2020635242,43a Boyce Street,Ryde,2112,3000000,20 Feb 2026,Sold by private treaty,5,3,2,,House,Domain,https://www.domain.com.au/43a-boyce-street-ryde-nsw-2112-2020635242
2020522685,38 Potts Street,Ryde,2112,4300000,19 Feb 2026,Sold prior to auction,5,5,2,,House,Domain,https://www.domain.com.au/38-potts-street-ryde-nsw-2112-2020522685
2020547824,496 Victoria Road,Ryde,2112,2350000,17 Feb 2026,Sold prior to auction,5,3,2,,House,Domain,https://www.domain.com.au/496-victoria-road-ryde-nsw-2112-2020547824
2020513858,7 Ivy Street,Ryde,2112,3580000,14 Feb 2026,Sold at auction,4,3,2,701,House,Domain,https://www.domain.com.au/7-ivy-street-ryde-nsw-2112-2020513858
2020422788,45D Gardener Avenue,Ryde,2112,2870000,13 Feb 2026,Sold by private treaty,5,4,2,,House,Domain,https://www.domain.com.au/45d-gardener-avenue-ryde-nsw-2112-2020422788
2020360700,7A Watts Road,Ryde,2112,3000000,11 Feb 2026,Sold by private treaty,4,3,3,594,House,Domain,https://www.domain.com.au/7a-watts-road-ryde-nsw-2112-2020360700
2020530334,21 Smith Street,Ryde,2112,2990000,10 Feb 2026,Sold prior to auction,3,3,4,834,House,Domain,https://www.domain.com.au/21-smith-street-ryde-nsw-2112-2020530334
2020564719,23 Quarry Road,Ryde,2112,3035000,07 Feb 2026,Sold by private treaty,4,3,2,684,House,Domain,https://www.domain.com.au/23-quarry-road-ryde-nsw-2112-2020564719
2020538125,14 Myra Avenue,Ryde,2112,2850000,06 Feb 2026,Sold prior to auction,3,1,2,697,House,Domain,https://www.domain.com.au/14-myra-avenue-ryde-nsw-2112-2020538125
2020545503,56 Lane Cove Road,Ryde,2112,1800000,06 Feb 2026,Sold by private treaty,3,2,3,714,House,Domain,https://www.domain.com.au/56-lane-cove-road-ryde-nsw-2112-2020545503
2020350907,72 Lardelli Drive,Ryde,2112,2220000,03 Feb 2026,Sold by private treaty,3,2,2,,House,Domain,https://www.domain.com.au/72-lardelli-drive-ryde-nsw-2112-2020350907
2020347469,54 Lardelli Drive,Ryde,2112,2140000,29 Jan 2026,Sold by private treaty,3,2,2,267,House,Domain,https://www.domain.com.au/54-lardelli-drive-ryde-nsw-2112-2020347469
2020273569,29 Malvina Street,Ryde,2112,1930000,29 Jan 2026,Sold by private treaty,1,1,1,,House,Domain,https://www.domain.com.au/29-malvina-street-ryde-nsw-2112-2020273569
2020300882,28 Colston street,Ryde,2112,2500000,14 Jan 2026,Sold by private treaty,5,3,2,350,House,Domain,https://www.domain.com.au/28-colston-street-ryde-nsw-2112-2020300882
2020379878,74 Lane Cove Road,Ryde,2112,1650000,02 Jan 2026,Sold by private treaty,4,2,2,327,House,Domain,https://www.domain.com.au/74-lane-cove-road-ryde-nsw-2112-2020379878
2020452557,28A Olive Street,Ryde,2112,1751000,17 Dec 2025,Sold at auction,3,2,1,402,House,Domain,https://www.domain.com.au/28a-olive-street-ryde-nsw-2112-2020452557
2020422088,14 Byron Avenue,Ryde,2112,2060000,16 Dec 2025,Sold by private treaty,4,2,3,575,House,Domain,https://www.domain.com.au/14-byron-avenue-ryde-nsw-2112-2020422088
2020392945,3 Cowell Street,Ryde,2112,2195000,16 Dec 2025,Sold by private treaty,3,1,2,548,House,Domain,https://www.domain.com.au/3-cowell-street-ryde-nsw-2112-2020392945
2020401027,277 Quarry Road,Ryde,2112,3608000,13 Dec 2025,Sold at auction,5,3,3,,House,Domain,https://www.domain.com.au/277-quarry-road-ryde-nsw-2112-2020401027
2020485622,9a Christine Avenue,Ryde,2112,2900000,12 Dec 2025,Sold by private treaty,5,4,2,677,House,Domain,https://www.domain.com.au/9a-christine-avenue-ryde-nsw-2112-2020485622
2020484249,9a Christine Avenue,Ryde,2112,2900000,11 Dec 2025,Sold by private treaty,5,4,2,,House,Domain,https://www.domain.com.au/9a-christine-avenue-ryde-nsw-2112-2020484249
2020438577,34 Nerang Street,Ryde,2112,3525000,10 Dec 2025,Sold at auction,5,3,2,575,House,Domain,https://www.domain.com.au/34-nerang-street-ryde-nsw-2112-2020438577
2020360971,19 Thorn Street,Ryde,2112,2350000,10 Dec 2025,Sold by private treaty,3,1,1,607,House,Domain,https://www.domain.com.au/19-thorn-street-ryde-nsw-2112-2020360971
2020241229,14 Quarry Road,Ryde,2112,2700000,09 Dec 2025,Sold at auction,3,2,3,916,House,Domain,https://www.domain.com.au/14-quarry-road-ryde-nsw-2112-2020241229
2020406289,18 Gladstone Avenue,Ryde,2112,2850000,06 Dec 2025,Sold at auction,3,2,4,601,House,Domain,https://www.domain.com.au/18-gladstone-avenue-ryde-nsw-2112-2020406289
2020479007,3 Ellen Street,Ryde,2112,3400000,06 Dec 2025,Sold by private treaty,4,2,2,,House,Domain,https://www.domain.com.au/3-ellen-street-ryde-nsw-2112-2020479007
2020405315,58A Bowden Street,Ryde,2112,2080000,29 Nov 2025,Sold at auction,3,1,3,435,House,Domain,https://www.domain.com.au/58a-bowden-street-ryde-nsw-2112-2020405315
2020992767,264 Quarry Road,Ryde,2112,3700000,27 Nov 2025,Sold by private treaty,4,1,4,1880,House,Domain,https://www.domain.com.au/264-quarry-road-ryde-nsw-2112-2020992767
2020191218,3 Susan Schardt Way,Ryde,2112,3100000,27 Nov 2025,Sold at auction,4,2,2,312,House,Domain,https://www.domain.com.au/3-susan-schardt-way-ryde-nsw-2112-2020191218
2020273954,201 Quarry Road,Ryde,2112,3005000,26 Nov 2025,Sold by private treaty,5,2,4,,House,Domain,https://www.domain.com.au/201-quarry-road-ryde-nsw-2112-2020273954
2020333068,2 Bavin Avenue,Ryde,2112,3500000,21 Nov 2025,Sold at auction,3,1,1,652,House,Domain,https://www.domain.com.au/2-bavin-avenue-ryde-nsw-2112-2020333068
2020278781,161 Buffalo Road,Ryde,2112,3458888,19 Nov 2025,Sold by private treaty,7,4,2,588,House,Domain,https://www.domain.com.au/161-buffalo-road-ryde-nsw-2112-2020278781
2020327914,14 Nerang Street,Ryde,2112,2700000,18 Nov 2025,Sold by private treaty,4,2,2,714,House,Domain,https://www.domain.com.au/14-nerang-street-ryde-nsw-2112-2020327914
2020346607,77 Quarry Road,Ryde,2112,2325000,17 Nov 2025,Sold at auction,3,1,2,581,House,Domain,https://www.domain.com.au/77-quarry-road-ryde-nsw-2112-2020346607
2020362583,24 Potts Street,Ryde,2112,4350000,15 Nov 2025,Sold at auction,5,3,4,771,House,Domain,https://www.domain.com.au/24-potts-street-ryde-nsw-2112-2020362583
2020317887,24 Hancott Street,Ryde,2112,2380000,14 Nov 2025,Sold by private treaty,5,3,2,553,House,Domain,https://www.domain.com.au/24-hancott-street-ryde-nsw-2112-2020317887
2020339319,19 Fawcett Street,Ryde,2112,3325000,10 Nov 2025,Sold at auction,2,2,2,695,House,Domain,https://www.domain.com.au/19-fawcett-street-ryde-nsw-2112-2020339319
2020345976,33 Badajoz Road,Ryde,2112,2615000,08 Nov 2025,Sold at auction,3,2,2,695,House,Domain,https://www.domain.com.au/33-badajoz-road-ryde-nsw-2112-2020345976
2020334900,5A Pidding Road,Ryde,2112,2510000,07 Nov 2025,Sold at auction,5,3,4,377,House,Domain,https://www.domain.com.au/5a-pidding-road-ryde-nsw-2112-2020334900
2020238217,1 Smalls Road,Ryde,2112,3255000,06 Nov 2025,Sold by private treaty,5,3,2,512,House,Domain,https://www.domain.com.au/1-smalls-road-ryde-nsw-2112-2020238217
2020352337,51 Princes Street,Ryde,2112,1885000,05 Nov 2025,Sold by private treaty,2,1,3,327,House,Domain,https://www.domain.com.au/51-princes-street-ryde-nsw-2112-2020352337
2020385932,97 Buffalo Road,Ryde,2112,2575000,05 Nov 2025,Sold prior to auction,5,4,2,349,House,Domain,https://www.domain.com.au/97-buffalo-road-ryde-nsw-2112-2020385932
2020334542,68A Charles Street,Ryde,2112,3070000,04 Nov 2025,Sold prior to auction,3,3,4,348,House,Domain,https://www.domain.com.au/68a-charles-street-ryde-nsw-2112-2020334542
2020334207,9 Brian Street,Ryde,2112,2230000,01 Nov 2025,Sold at auction,4,2,1,512,House,Domain,https://www.domain.com.au/9-brian-street-ryde-nsw-2112-2020334207
2020401642,25 Arthur Street,Ryde,2112,2330000,31 Oct 2025,Sold by private treaty,3,1,2,,House,Domain,https://www.domain.com.au/25-arthur-street-ryde-nsw-2112-2020401642
2020350601,1 Lyle Street,Ryde,2112,3068888,30 Oct 2025,Sold by private treaty,5,4,2,,House,Domain,https://www.domain.com.au/1-lyle-street-ryde-nsw-2112-2020350601
2020330381,26 Lavarack Street,Ryde,2112,2975000,29 Oct 2025,Sold prior to auction,5,4,2,,House,Domain,https://www.domain.com.au/26-lavarack-street-ryde-nsw-2112-2020330381
2020310515,3 Thorn Street,Ryde,2112,4100000,27 Oct 2025,Sold at auction,5,3,3,768,House,Domain,https://www.domain.com.au/3-thorn-street-ryde-nsw-2112-2020310515
2020294690,101 Bridge Road,Ryde,2112,3000000,25 Oct 2025,Sold at auction,8,4,3,923,House,Domain,https://www.domain.com.au/101-bridge-road-ryde-nsw-2112-2020294690
2020314142,16 Richard Johnson Crescent,Ryde,2112,3000000,25 Oct 2025,Sold at auction,4,3,2,548,House,Domain,https://www.domain.com.au/16-richard-johnson-crescent-ryde-nsw-2112-2020314142
2020289851,5 Dwyer Street,Ryde,2112,2455000,25 Oct 2025,Sold at auction,4,2,2,860,House,Domain,https://www.domain.com.au/5-dwyer-street-ryde-nsw-2112-2020289851
2020292016,30 Dorothy Street,Ryde,2112,2591000,25 Oct 2025,Sold at auction,4,2,2,594,House,Domain,https://www.domain.com.au/30-dorothy-street-ryde-nsw-2112-2020292016
2020300007,60 Charles Street,Ryde,2112,2720000,25 Oct 2025,Sold at auction,5,3,2,,House,Domain,https://www.domain.com.au/60-charles-street-ryde-nsw-2112-2020300007
2020333299,5 Providence Road,Ryde,2112,2120000,25 Oct 2025,Sold prior to auction,3,1,3,531,House,Domain,https://www.domain.com.au/5-providence-road-ryde-nsw-2112-2020333299
2020369596,35 Clermont Avenue,Ryde,2112,2600000,21 Oct 2025,Sold by private treaty,3,1,3,866,House,Domain,https://www.domain.com.au/35-clermont-avenue-ryde-nsw-2112-2020369596
2020282164,39 Wolger Road,Ryde,2112,1688000,17 Oct 2025,Sold by private treaty,3,1,1,350,House,Domain,https://www.domain.com.au/39-wolger-road-ryde-nsw-2112-2020282164
2020297451,38 Princes Street,Ryde,2112,2100000,13 Oct 2025,Sold prior to auction,4,1,2,575,House,Domain,https://www.domain.com.au/38-princes-street-ryde-nsw-2112-2020297451
2020263321,5 Olivieri Place,Ryde,2112,3235000,11 Oct 2025,Sold at auction,5,4,3,729,House,Domain,https://www.domain.com.au/5-olivieri-place-ryde-nsw-2112-2020263321
2020211629,1 Henry Street,Ryde,2112,2730000,03 Oct 2025,Sold at auction,5,4,2,344,House,Domain,https://www.domain.com.au/1-henry-street-ryde-nsw-2112-2020211629
2020248161,21 Bidgee Road,Ryde,2112,2565000,02 Oct 2025,Sold prior to auction,5,3,2,,House,Domain,https://www.domain.com.au/21-bidgee-road-ryde-nsw-2112-2020248161
2020531068,18 Henry Street,Ryde,2112,2960000,01 Oct 2025,Sold by private treaty,4,2,2,670,House,Domain,https://www.domain.com.au/18-henry-street-ryde-nsw-2112-2020531068
2020205171,35 Susan Schardt Way,Ryde,2112,2500000,30 Sep 2025,Sold by private treaty,5,3,2,,House,Domain,https://www.domain.com.au/35-susan-schardt-way-ryde-nsw-2112-2020205171
2020246983,23 Providence Road,Ryde,2112,2400000,30 Sep 2025,Sold by private treaty,4,2,2,562,House,Domain,https://www.domain.com.au/23-providence-road-ryde-nsw-2112-2020246983
2020300390,55 North Road,Ryde,2112,1910000,26 Sep 2025,Sold by private treaty,3,2,2,918,House,Domain,https://www.domain.com.au/55-north-road-ryde-nsw-2112-2020300390
2020204190,47 Greene Avenue,Ryde,2112,3150000,26 Sep 2025,Sold at auction,3,1,1,731,House,Domain,https://www.domain.com.au/47-greene-avenue-ryde-nsw-2112-2020204190
2020254872,300 Blaxland Road,Ryde,2112,2120000,23 Sep 2025,Sold prior to auction,1,1,,1195,House,Domain,https://www.domain.com.au/300-blaxland-road-ryde-nsw-2112-2020254872
2020154038,342 Morrison Road,Ryde,2112,2720000,18 Sep 2025,Sold by private treaty,5,3,2,327,House,Domain,https://www.domain.com.au/342-morrison-road-ryde-nsw-2112-2020154038
2020177385,8A Bidgee Road,Ryde,2112,1800000,13 Sep 2025,Sold by private treaty,3,1,3,,House,Domain,https://www.domain.com.au/8a-bidgee-road-ryde-nsw-2112-2020177385
2020181158,29 Addington Avenue,Ryde,2112,2650000,13 Sep 2025,Sold at auction,4,2,1,579,House,Domain,https://www.domain.com.au/29-addington-avenue-ryde-nsw-2112-2020181158
2020212718,27 Rocca Street,Ryde,2112,3645000,13 Sep 2025,Sold at auction,5,3,3,,House,Domain,https://www.domain.com.au/27-rocca-street-ryde-nsw-2112-2020212718
2020223075,20 Zola Avenue,Ryde,2112,3880000,11 Sep 2025,Sold prior to auction,7,4,3,682,House,Domain,https://www.domain.com.au/20-zola-avenue-ryde-nsw-2112-2020223075
2020145783,11 Zola Avenue,Ryde,2112,3500000,04 Sep 2025,Sold at auction,4,3,2,556,House,Domain,https://www.domain.com.au/11-zola-avenue-ryde-nsw-2112-2020145783
2020147921,34 Arthur Street,Ryde,2112,2875000,02 Sep 2025,Sold prior to auction,7,3,2,619,House,Domain,https://www.domain.com.au/34-arthur-street-ryde-nsw-2112-2020147921
2020167357,9 Hinkler Avenue,Ryde,2112,3915000,31 Aug 2025,Sold at auction,6,3,2,607,House,Domain,https://www.domain.com.au/9-hinkler-avenue-ryde-nsw-2112-2020167357
2020181012,4 Willow Crescent,Ryde,2112,2290000,30 Aug 2025,Sold at auction,3,1,2,518,House,Domain,https://www.domain.com.au/4-willow-crescent-ryde-nsw-2112-2020181012
2019891805,5 Robinson Street,Ryde,2112,2575000,29 Aug 2025,Sold by private treaty,4,2,1,954,House,Domain,https://www.domain.com.au/5-robinson-street-ryde-nsw-2112-2019891805
2020183960,12 Fernleigh Close,Ryde,2112,2340000,28 Aug 2025,Sold by private treaty,3,3,2,350,House,Domain,https://www.domain.com.au/12-fernleigh-close-ryde-nsw-2112-2020183960
2020166383,69 Melville Street,Ryde,2112,2450000,27 Aug 2025,Sold by private treaty,5,3,2,,House,Domain,https://www.domain.com.au/69-melville-street-ryde-nsw-2112-2020166383
2020213749,11 Minga Street,Ryde,2112,2750000,27 Aug 2025,Sold by private treaty,4,3,2,,House,Domain,https://www.domain.com.au/11-minga-street-ryde-nsw-2112-2020213749
2020176443,15 Fisher Avenue,Ryde,2112,2508888,26 Aug 2025,Sold prior to auction,3,1,1,670,House,Domain,https://www.domain.com.au/15-fisher-avenue-ryde-nsw-2112-2020176443
2020232287,43 Acacia Avenue,Ryde,2112,3280000,26 Aug 2025,Sold by private treaty,4,1,1,677,House,Domain,https://www.domain.com.au/43-acacia-avenue-ryde-nsw-2112-2020232287
2020162321,180 Buffalo Road,Ryde,2112,2220000,26 Aug 2025,Sold by private treaty,3,1,2,512,House,Domain,https://www.domain.com.au/180-buffalo-road-ryde-nsw-2112-2020162321
2020177353,1 Ratcliffe Street,Ryde,2112,4400000,25 Aug 2025,Sold prior to auction,5,3,3,569,House,Domain,https://www.domain.com.au/1-ratcliffe-street-ryde-nsw-2112-2020177353
2020156329,22 Colston Street,Ryde,2112,2730000,23 Aug 2025,Sold at auction,4,3,4,569,House,Domain,https://www.domain.com.au/22-colston-street-ryde-nsw-2112-2020156329
2020149756,114 Quarry Road,Ryde,2112,2530000,23 Aug 2025,Sold at auction,5,3,3,620,House,Domain,https://www.domain.com.au/114-quarry-road-ryde-nsw-2112-2020149756
2020146214,26 Clermont Avenue,Ryde,2112,3150000,23 Aug 2025,Sold at auction,5,4,4,357,House,Domain,https://www.domain.com.au/26-clermont-avenue-ryde-nsw-2112-2020146214
2020166544,6 Colebee Street,Ryde,2112,2265000,22 Aug 2025,Sold prior to auction,3,2,1,,House,Domain,https://www.domain.com.au/6-colebee-street-ryde-nsw-2112-2020166544
2020158212,133 Quarry Road,Ryde,2112,2320000,21 Aug 2025,Sold prior to auction,4,2,4,676,House,Domain,https://www.domain.com.au/133-quarry-road-ryde-nsw-2112-2020158212
2020221602,2 Wolger Road,Ryde,2112,2600000,18 Aug 2025,Sold by private treaty,3,1,1,,House,Domain,https://www.domain.com.au/2-wolger-road-ryde-nsw-2112-2020221602
2020153340,6 Willow Crescent,Ryde,2112,2588000,16 Aug 2025,Sold at auction,4,3,2,,House,Domain,https://www.domain.com.au/6-willow-crescent-ryde-nsw-2112-2020153340
2020123728,22 Fisher Avenue,Ryde,2112,2965000,16 Aug 2025,Sold at auction,5,4,2,348,House,Domain,https://www.domain.com.au/22-fisher-avenue-ryde-nsw-2112-2020123728
2020150967,8 Ratcliffe Street,Ryde,2112,2403000,11 Aug 2025,Sold prior to auction,4,2,2,550,House,Domain,https://www.domain.com.au/8-ratcliffe-street-ryde-nsw-2112-2020150967
2020117272,3 Cross Street,Ryde,2112,2566000,07 Aug 2025,Sold by private treaty,5,2,2,,House,Domain,https://www.domain.com.au/3-cross-street-ryde-nsw-2112-2020117272
2020127865,45 Watts Road,Ryde,2112,3220000,07 Aug 2025,Sold prior to auction,4,2,2,847,House,Domain,https://www.domain.com.au/45-watts-road-ryde-nsw-2112-2020127865
2020017764,4 Arras Parade,Ryde,2112,3800000,05 Aug 2025,Sold by private treaty,5,4,4,1376,House,Domain,https://www.domain.com.au/4-arras-parade-ryde-nsw-2112-2020017764
2020090295,97A Buffalo Road,Ryde,2112,2540000,05 Aug 2025,Sold by private treaty,5,4,2,348,House,Domain,https://www.domain.com.au/97a-buffalo-road-ryde-nsw-2112-2020090295
2020101629,65 Argyle Avenue,Ryde,2112,2300000,02 Aug 2025,Sold at auction,3,1,2,518,House,Domain,https://www.domain.com.au/65-argyle-avenue-ryde-nsw-2112-2020101629
2019998190,27 Clermont Avenue,Ryde,2112,3150000,01 Aug 2025,Sold by private treaty,4,2,2,866,House,Domain,https://www.domain.com.au/27-clermont-avenue-ryde-nsw-2112-2019998190
2020046165,10 Sewell Street,Ryde,2112,3456131,30 Jul 2025,Sold at auction,6,3,2,,House,Domain,https://www.domain.com.au/10-sewell-street-ryde-nsw-2112-2020046165
2020060571,14 Tunks Street,Ryde,2112,2850000,29 Jul 2025,Sold by private treaty,6,6,2,464,House,Domain,https://www.domain.com.au/14-tunks-street-ryde-nsw-2112-2020060571
2020092125,25 Kells Road,Ryde,2112,3979999,27 Jul 2025,Sold at auction,5,3,4,518,House,Domain,https://www.domain.com.au/25-kells-road-ryde-nsw-2112-2020092125
2020069025,78 Potts Street,Ryde,2112,2538000,19 Jul 2025,Sold at auction,2,1,2,670,House,Domain,https://www.domain.com.au/78-potts-street-ryde-nsw-2112-2020069025
2020083642,14 Kells Road,Ryde,2112,4250000,19 Jul 2025,Sold at auction,4,3,4,544,House,Domain,https://www.domain.com.au/14-kells-road-ryde-nsw-2112-2020083642
2020073577,264A Blaxland Road,Ryde,2112,2020000,16 Jul 2025,Sold at auction,5,4,2,854,House,Domain,https://www.domain.com.au/264a-blaxland-road-ryde-nsw-2112-2020073577
2020053816,58 Potts Street,Ryde,2112,2442000,12 Jul 2025,Sold at auction,3,1,2,575,House,Domain,https://www.domain.com.au/58-potts-street-ryde-nsw-2112-2020053816
2020102392,3 Samuel Street,Ryde,2112,3535000,10 Jul 2025,Sold prior to auction,4,2,2,803,House,Domain,https://www.domain.com.au/3-samuel-street-ryde-nsw-2112-2020102392
2020044540,5 Bavin Avenue,Ryde,2112,3530000,09 Jul 2025,Sold by private treaty,7,5,2,727,House,Domain,https://www.domain.com.au/5-bavin-avenue-ryde-nsw-2112-2020044540
2020051208,5 Woodbine Crescent,Ryde,2112,3480000,07 Jul 2025,Sold at auction,4,2,3,721,House,Domain,https://www.domain.com.au/5-woodbine-crescent-ryde-nsw-2112-2020051208
2020075041,17 Stuart Street,Ryde,2112,2310000,02 Jul 2025,Sold at auction,3,1,1,682,House,Domain,https://www.domain.com.au/17-stuart-street-ryde-nsw-2112-2020075041
2019860039,25A Kuppa Road,Ryde,2112,2205000,01 Jul 2025,Sold by private treaty,5,3,2,,House,Domain,https://www.domain.com.au/25a-kuppa-road-ryde-nsw-2112-2019860039
2020102336,2 Robert Street,Ryde,2112,2550000,01 Jul 2025,Sold prior to auction,5,2,1,556,House,Domain,https://www.domain.com.au/2-robert-street-ryde-nsw-2112-2020102336
2020057880,10 Stephen Avenue,Ryde,2112,2765000,30 Jun 2025,Sold by private treaty,3,2,2,733,House,Domain,https://www.domain.com.au/10-stephen-avenue-ryde-nsw-2112-2020057880
2020023818,1 Bruce Street,Ryde,2112,3020000,28 Jun 2025,Sold at auction,6,6,4,665,House,Domain,https://www.domain.com.au/1-bruce-street-ryde-nsw-2112-2020023818
2019392642,7 Bright Street,Ryde,2112,4250000,26 Jun 2025,Sold by private treaty,5,3,6,714,House,Domain,https://www.domain.com.au/7-bright-street-ryde-nsw-2112-2019392642
2019942328,4A Ronald Avenue,Ryde,2112,1670000,20 Jun 2025,Sold by private treaty,3,1,1,314,House,Domain,https://www.domain.com.au/4a-ronald-avenue-ryde-nsw-2112-2019942328
2020022060,13 Samuel Street,Ryde,2112,3369000,19 Jun 2025,Sold prior to auction,6,2,4,935,House,Domain,https://www.domain.com.au/13-samuel-street-ryde-nsw-2112-2020022060
2019914944,42B Aeolus Avenue,Ryde,2112,2218000,17 Jun 2025,Sold by private treaty,3,3,4,,House,Domain,https://www.domain.com.au/42b-aeolus-avenue-ryde-nsw-2112-2019914944
2019863717,13 Keppel Road,Ryde,2112,2350000,16 Jun 2025,Sold by private treaty,3,3,2,673,House,Domain,https://www.domain.com.au/13-keppel-road-ryde-nsw-2112-2019863717
2019994170,9 Willandra Street,Ryde,2112,3500000,14 Jun 2025,Sold at auction,4,3,3,1005,House,Domain,https://www.domain.com.au/9-willandra-street-ryde-nsw-2112-2019994170
2019999011,7 Thistle Street,Ryde,2112,2930000,13 Jun 2025,Sold prior to auction,5,3,2,695,House,Domain,https://www.domain.com.au/7-thistle-street-ryde-nsw-2112-2019999011
2020004799,6 Allan Avenue,Ryde,2112,3500000,10 Jun 2025,Sold by private treaty,5,3,2,518,House,Domain,https://www.domain.com.au/6-allan-avenue-ryde-nsw-2112-2020004799
2019942682,237 Quarry Road,Ryde,2112,2882000,10 Jun 2025,Sold by private treaty,4,2,2,986,House,Domain,https://www.domain.com.au/237-quarry-road-ryde-nsw-2112-2019942682
2019912091,16 Samuel Street,Ryde,2112,2600000,06 Jun 2025,Sold by private treaty,5,4,2,410,House,Domain,https://www.domain.com.au/16-samuel-street-ryde-nsw-2112-2019912091
2019959708,2 Salerwong Place,Ryde,2112,2300000,05 Jun 2025,Sold prior to auction,5,1,6,,House,Domain,https://www.domain.com.au/2-salerwong-place-ryde-nsw-2112-2019959708
2020000214,49 Hancott Street,Ryde,2112,2700000,05 Jun 2025,Sold by private treaty,4,2,1,714,House,Domain,https://www.domain.com.au/49-hancott-street-ryde-nsw-2112-2020000214
2019900571,27 Smalls Road,Ryde,2112,2350000,02 Jun 2025,Sold by private treaty,5,3,2,644,House,Domain,https://www.domain.com.au/27-smalls-road-ryde-nsw-2112-2019900571
2019955319,13 Brian Street,Ryde,2112,2400000,31 May 2025,Sold at auction,3,2,2,,House,Domain,https://www.domain.com.au/13-brian-street-ryde-nsw-2112-2019955319
2019971082,12 Gardener Avenue,Ryde,2112,3080000,31 May 2025,Sold at auction,4,2,2,695,House,Domain,https://www.domain.com.au/12-gardener-avenue-ryde-nsw-2112-2019971082
2019980503,11 Allan Avenue,Ryde,2112,2493000,31 May 2025,Sold at auction,6,4,2,500,House,Domain,https://www.domain.com.au/11-allan-avenue-ryde-nsw-2112-2019980503
2019976998,11 Willandra Street,Ryde,2112,2824000,31 May 2025,Sold at auction,4,2,3,980,House,Domain,https://www.domain.com.au/11-willandra-street-ryde-nsw-2112-2019976998
2019924240,8 Myra Avenue,Ryde,2112,2870000,31 May 2025,Sold at auction,5,2,4,670,House,Domain,https://www.domain.com.au/8-myra-avenue-ryde-nsw-2112-2019924240
2020019968,1 Cross Street,Ryde,2112,3675000,27 May 2025,Sold by private treaty,5,3,3,524,House,Domain,https://www.domain.com.au/1-cross-street-ryde-nsw-2112-2020019968
2019956730,15 Woodbine Crescent,Ryde,2112,3320000,25 May 2025,Sold at auction,3,1,2,720,House,Domain,https://www.domain.com.au/15-woodbine-crescent-ryde-nsw-2112-2019956730
2019960070,42 Irvine Crescent,Ryde,2112,4436000,24 May 2025,Sold at auction,5,3,4,,House,Domain,https://www.domain.com.au/42-irvine-crescent-ryde-nsw-2112-2019960070
2019955720,11 Belmore Street,Ryde,2112,2300000,24 May 2025,Sold at auction,3,1,1,822,House,Domain,https://www.domain.com.au/11-belmore-street-ryde-nsw-2112-2019955720
2019937457,46 Malvina Street,Ryde,2112,1860000,24 May 2025,Sold at auction,4,2,2,,House,Domain,https://www.domain.com.au/46-malvina-street-ryde-nsw-2112-2019937457
2019891102,34 Lane Cove Road,Ryde,2112,1640000,23 May 2025,Sold by private treaty,4,2,4,626,House,Domain,https://www.domain.com.au/34-lane-cove-road-ryde-nsw-2112-2019891102
2019981159,274 Quarry Road,Ryde,2112,2570000,23 May 2025,Sold prior to auction,5,2,4,916,House,Domain,https://www.domain.com.au/274-quarry-road-ryde-nsw-2112-2019981159
2019825615,69 Church Street,Ryde,2112,1500000,19 May 2025,Sold by private treaty,3,2,2,,House,Domain,https://www.domain.com.au/69-church-street-ryde-nsw-2112-2019825615
2019918818,15 Milne Street,Ryde,2112,3005000,14 May 2025,Sold by private treaty,5,2,5,,House,Domain,https://www.domain.com.au/15-milne-street-ryde-nsw-2112-2019918818
2019750334,65 Church Street,Ryde,2112,1700000,13 May 2025,Sold by private treaty,4,2,4,631,House,Domain,https://www.domain.com.au/65-church-street-ryde-nsw-2112-2019750334
2019987981,7 Olive Street,Ryde,2112,3395000,12 May 2025,Sold by private treaty,6,4,2,,House,Domain,https://www.domain.com.au/7-olive-street-ryde-nsw-2112-2019987981
2019834297,6 Lardelli Drive,Ryde,2112,2225000,10 May 2025,Sold at auction,3,2,2,,House,Domain,https://www.domain.com.au/6-lardelli-drive-ryde-nsw-2112-2019834297
2019844726,18 Clayton Street,Ryde,2112,2325000,09 May 2025,Sold by private treaty,5,3,2,331,House,Domain,https://www.domain.com.au/18-clayton-street-ryde-nsw-2112-2019844726
2019873449,17 Colebee Street,Ryde,2112,2250000,06 May 2025,Sold prior to auction,4,2,2,,House,Domain,https://www.domain.com.au/17-colebee-street-ryde-nsw-2112-2019873449
2019918667,45A Hancott Street,Ryde,2112,2410000,03 May 2025,Sold at auction,5,3,2,355,House,Domain,https://www.domain.com.au/45a-hancott-street-ryde-nsw-2112-2019918667
2019906968,5a Tunks Street,Ryde,2112,1960000,02 May 2025,Sold at auction,5,2,4,904,House,Domain,https://www.domain.com.au/5a-tunks-street-ryde-nsw-2112-2019906968
2019960929,53 Woodbine Crescent,Ryde,2112,2900000,30 Apr 2025,Sold by private treaty,3,2,2,803,House,Domain,https://www.domain.com.au/53-woodbine-crescent-ryde-nsw-2112-2019960929
2019924315,10 Addington Avenue,Ryde,2112,2350000,28 Apr 2025,Sold at auction,3,1,2,575,House,Domain,https://www.domain.com.au/10-addington-avenue-ryde-nsw-2112-2019924315
2019897817,12 Cosimo Place,Ryde,2112,2300000,26 Apr 2025,Sold at auction,3,2,3,474,House,Domain,https://www.domain.com.au/12-cosimo-place-ryde-nsw-2112-2019897817
2019956706,34 Ronald Avenue,Ryde,2112,2800000,17 Apr 2025,Sold by private treaty,4,2,3,695,House,Domain,https://www.domain.com.au/34-ronald-avenue-ryde-nsw-2112-2019956706
2019891029,20 Lyle Street,Ryde,2112,2150000,15 Apr 2025,Sold by private treaty,3,2,1,,House,Domain,https://www.domain.com.au/20-lyle-street-ryde-nsw-2112-2019891029
2020231796,9 Bavin Avenue,Ryde,2112,2365000,12 Apr 2025,Sold at auction,5,4,2,354,House,Domain,https://www.domain.com.au/9-bavin-avenue-ryde-nsw-2112-2020231796
2019857932,28 Aeolus Avenue,Ryde,2112,3400000,12 Apr 2025,Sold at auction,3,1,1,809,House,Domain,https://www.domain.com.au/28-aeolus-avenue-ryde-nsw-2112-2019857932
2019868770,62 Badajoz Road,Ryde,2112,3400000,12 Apr 2025,Sold at auction,7,4,4,765,House,Domain,https://www.domain.com.au/62-badajoz-road-ryde-nsw-2112-2019868770
2019893939,16 Neville Street,Ryde,2112,3422000,12 Apr 2025,Sold at auction,5,3,4,708,House,Domain,https://www.domain.com.au/16-neville-street-ryde-nsw-2112-2019893939
2019875635,31 Addington Avenue,Ryde,2112,2515000,12 Apr 2025,Sold at auction,3,1,2,575,House,Domain,https://www.domain.com.au/31-addington-avenue-ryde-nsw-2112-2019875635
2019877373,14 Samuel Street,Ryde,2112,3468888,12 Apr 2025,Sold at auction,5,2,2,572,House,Domain,https://www.domain.com.au/14-samuel-street-ryde-nsw-2112-2019877373
2019841525,8 Byron Avenue,Ryde,2112,2255000,09 Apr 2025,Sold prior to auction,4,4,2,381,House,Domain,https://www.domain.com.au/8-byron-avenue-ryde-nsw-2112-2019841525
2019821170,325 Blaxland Road,Ryde,2112,1800000,09 Apr 2025,Sold by private treaty,4,1,2,619,House,Domain,https://www.domain.com.au/325-blaxland-road-ryde-nsw-2112-2019821170
2019850258,138 Quarry Road,Ryde,2112,1600000,09 Apr 2025,Sold prior to auction,2,1,2,663,House,Domain,https://www.domain.com.au/138-quarry-road-ryde-nsw-2112-2019850258
2019844271,7 Dobson Crescent,Ryde,2112,2285000,05 Apr 2025,Sold at auction,5,4,2,620,House,Domain,https://www.domain.com.au/7-dobson-crescent-ryde-nsw-2112-2019844271
2019855608,13 Thorn Street,Ryde,2112,2860000,05 Apr 2025,Sold at auction,5,4,4,562,House,Domain,https://www.domain.com.au/13-thorn-street-ryde-nsw-2112-2019855608
2019931727,2 Potts Street,Ryde,2112,3150000,04 Apr 2025,Sold prior to auction,5,3,2,963,House,Domain,https://www.domain.com.au/2-potts-street-ryde-nsw-2112-2019931727
2019809206,20 Keppel Road,Ryde,2112,3495000,04 Apr 2025,Sold by private treaty,5,3,4,670,House,Domain,https://www.domain.com.au/20-keppel-road-ryde-nsw-2112-2019809206
2019522043,70 Lane Cove Road,Ryde,2112,2635888,02 Apr 2025,Sold by private treaty,6,3,3,695,House,Domain,https://www.domain.com.au/70-lane-cove-road-ryde-nsw-2112-2019522043
2019891218,16 Kells Road,Ryde,2112,3100000,01 Apr 2025,Sold by private treaty,5,4,4,664,House,Domain,https://www.domain.com.au/16-kells-road-ryde-nsw-2112-2019891218
2019624801,8 Nicoll Avenue,Ryde,2112,3025000,31 Mar 2025,Sold by private treaty,4,3,2,600,House,Domain,https://www.domain.com.au/8-nicoll-avenue-ryde-nsw-2112-2019624801
2019841830,1 Rickard Street,Ryde,2112,2650000,29 Mar 2025,Sold at auction,5,2,2,607,House,Domain,https://www.domain.com.au/1-rickard-street-ryde-nsw-2112-2019841830
2019835043,6 Nicoll Avenue,Ryde,2112,2730000,29 Mar 2025,Sold at auction,6,3,2,600,House,Domain,https://www.domain.com.au/6-nicoll-avenue-ryde-nsw-2112-2019835043
2019891146,25 Hancott Street,Ryde,2112,2800000,26 Mar 2025,Sold by private treaty,4,2,2,847,House,Domain,https://www.domain.com.au/25-hancott-street-ryde-nsw-2112-2019891146
2019809661,7 Semple Street,Ryde,2112,2310000,22 Mar 2025,Sold at auction,3,1,1,581,House,Domain,https://www.domain.com.au/7-semple-street-ryde-nsw-2112-2019809661
2019789930,41 Argyle Avenue,Ryde,2112,3200000,14 Mar 2025,Sold prior to auction,4,3,2,523,House,Domain,https://www.domain.com.au/41-argyle-avenue-ryde-nsw-2112-2019789930
2019799573,7 Gale Street,Ryde,2112,2600000,11 Mar 2025,Sold by private treaty,4,2,5,651,House,Domain,https://www.domain.com.au/7-gale-street-ryde-nsw-2112-2019799573
2019755133,27 Price Street,Ryde,2112,2100000,04 Mar 2025,Sold by private treaty,4,2,2,,House,Domain,https://www.domain.com.au/27-price-street-ryde-nsw-2112-2019755133
2019765030,1 Sutherland Ave,Ryde,2112,3200000,01 Mar 2025,Sold at auction,5,2,4,677,House,Domain,https://www.domain.com.au/1-sutherland-ave-ryde-nsw-2112-2019765030
2019840326,21 Jones Street,Ryde,2112,2580000,26 Feb 2025,Sold by private treaty,3,1,1,,House,Domain,https://www.domain.com.au/21-jones-street-ryde-nsw-2112-2019840326
2019749324,37 Gardener Avenue,Ryde,2112,3350000,26 Feb 2025,Sold by private treaty,4,3,2,740,House,Domain,https://www.domain.com.au/37-gardener-avenue-ryde-nsw-2112-2019749324
2019771862,6a Pratten Avenue,Ryde,2112,2290000,18 Feb 2025,Sold at auction,5,3,2,,House,Domain,https://www.domain.com.au/6a-pratten-avenue-ryde-nsw-2112-2019771862
2019715212,162 Blaxland Road,Ryde,2112,2482000,15 Feb 2025,Sold at auction,4,2,4,765,House,Domain,https://www.domain.com.au/162-blaxland-road-ryde-nsw-2112-2019715212
2019716949,18 Arnold Street,Ryde,2112,2330000,15 Feb 2025,Sold by private treaty,3,2,2,638,House,Domain,https://www.domain.com.au/18-arnold-street-ryde-nsw-2112-2019716949
2019765342,7 Christine Avenue,Ryde,2112,2450000,14 Feb 2025,Sold prior to auction,5,4,2,328,House,Domain,https://www.domain.com.au/7-christine-avenue-ryde-nsw-2112-2019765342
2019766728,9 Sewell Street,Ryde,2112,2550000,11 Feb 2025,Sold prior to auction,3,2,2,580,House,Domain,https://www.domain.com.au/9-sewell-street-ryde-nsw-2112-2019766728
2019707678,23A Aitchandar Road,Ryde,2112,2630000,08 Feb 2025,Sold at auction,5,2,3,948,House,Domain,https://www.domain.com.au/23a-aitchandar-road-ryde-nsw-2112-2019707678
2019711622,4A Smalls Road,Ryde,2112,2750000,08 Feb 2025,Sold at auction,3,1,2,708,House,Domain,https://www.domain.com.au/4a-smalls-road-ryde-nsw-2112-2019711622
2019704534,8 Holly Avenue,Ryde,2112,3000000,06 Feb 2025,Sold by private treaty,4,2,3,695,House,Domain,https://www.domain.com.au/8-holly-avenue-ryde-nsw-2112-2019704534
2019728638,3 Hancott Street,Ryde,2112,1850000,03 Feb 2025,Sold at auction,2,1,2,607,House,Domain,https://www.domain.com.au/3-hancott-street-ryde-nsw-2112-2019728638
2019503123,39 Parkes Street,Ryde,2112,3239888,01 Feb 2025,Sold at auction,5,4,2,,House,Domain,https://www.domain.com.au/39-parkes-street-ryde-nsw-2112-2019503123
2019707574,32 Lane Cove Road,Ryde,2112,1660000,31 Jan 2025,Sold prior to auction,4,1,2,626,House,Domain,https://www.domain.com.au/32-lane-cove-road-ryde-nsw-2112-2019707574
2019766710,99 North Road,Ryde,2112,2440000,30 Jan 2025,Sold by private treaty,3,1,2,,House,Domain,https://www.domain.com.au/99-north-road-ryde-nsw-2112-2019766710
2019733911,6 Christine Avenue,Ryde,2112,2650000,18 Jan 2025,Sold by private treaty,3,1,1,,House,Domain,https://www.domain.com.au/6-christine-avenue-ryde-nsw-2112-2019733911
2019729485,33 Aeolus Avenue,Ryde,2112,2700000,16 Jan 2025,Sold by private treaty,2,1,,,House,Domain,https://www.domain.com.au/33-aeolus-avenue-ryde-nsw-2112-2019729485
2019730490,32 Lavarack Street,Ryde,2112,2512500,15 Jan 2025,Sold by private treaty,5,3,2,,House,Domain,https://www.domain.com.au/32-lavarack-street-ryde-nsw-2112-2019730490
2019568567,801 Victoria Road,Ryde,2112,1750000,17 Dec 2024,Sold by private treaty,3,1,1,658,House,Domain,https://www.domain.com.au/801-victoria-road-ryde-nsw-2112-2019568567
2019704067,21 Bidgee Road,Ryde,2112,2370000,17 Dec 2024,Sold by private treaty,3,2,2,607,House,Domain,https://www.domain.com.au/21-bidgee-road-ryde-nsw-2112-2019704067
2019699048,14 Baird Avenue,Ryde,2112,2730000,17 Dec 2024,Sold by private treaty,3,2,1,,House,Domain,https://www.domain.com.au/14-baird-avenue-ryde-nsw-2112-2019699048
2019640665,15 Elizabeth Street,Ryde,2112,2400000,14 Dec 2024,Sold at auction,3,1,3,686,House,Domain,https://www.domain.com.au/15-elizabeth-street-ryde-nsw-2112-2019640665
2019656134,48A Forrest Road,Ryde,2112,2630000,12 Dec 2024,Sold at auction,5,4,2,471,House,Domain,https://www.domain.com.au/48a-forrest-road-ryde-nsw-2112-2019656134
2019556946,15 Samuel Street,Ryde,2112,1850000,12 Dec 2024,Sold by private treaty,3,2,2,534,House,Domain,https://www.domain.com.au/15-samuel-street-ryde-nsw-2112-2019556946
2019685876,58 Shepherd Street,Ryde,2112,2610000,10 Dec 2024,Sold by private treaty,3,2,2,676,House,Domain,https://www.domain.com.au/58-shepherd-street-ryde-nsw-2112-2019685876
2019689441,29 Rocca Street,Ryde,2112,2100000,05 Dec 2024,Sold by private treaty,2,1,1,,House,Domain,https://www.domain.com.au/29-rocca-street-ryde-nsw-2112-2019689441
2019620948,21 Princes Street,Ryde,2112,2450000,04 Dec 2024,Sold prior to auction,1,1,,898,House,Domain,https://www.domain.com.au/21-princes-street-ryde-nsw-2112-2019620948
2019605540,10 Ronald Avenue,Ryde,2112,3370000,30 Nov 2024,Sold at auction,6,4,6,,House,Domain,https://www.domain.com.au/10-ronald-avenue-ryde-nsw-2112-2019605540
2019678366,43 Boyce Street,Ryde,2112,2730000,29 Nov 2024,Sold by private treaty,3,1,1,,House,Domain,https://www.domain.com.au/43-boyce-street-ryde-nsw-2112-2019678366
2019635749,20 Shepherd Street,Ryde,2112,3180000,25 Nov 2024,Sold by private treaty,5,5,2,890,House,Domain,https://www.domain.com.au/20-shepherd-street-ryde-nsw-2112-2019635749
2019592463,1 Fawcett Street,Ryde,2112,2820000,23 Nov 2024,Sold at auction,3,1,2,,House,Domain,https://www.domain.com.au/1-fawcett-street-ryde-nsw-2112-2019592463
2019583456,19 Charles Street,Ryde,2112,2960000,19 Nov 2024,Sold by private treaty,6,2,4,695,House,Domain,https://www.domain.com.au/19-charles-street-ryde-nsw-2112-2019583456
2019523447,2 Crescent Avenue,Ryde,2112,2300000,18 Nov 2024,Sold by private treaty,5,3,2,595,House,Domain,https://www.domain.com.au/2-crescent-avenue-ryde-nsw-2112-2019523447
2019566067,3 Heath Street,Ryde,2112,2890000,16 Nov 2024,Sold at auction,3,1,4,739,House,Domain,https://www.domain.com.au/3-heath-street-ryde-nsw-2112-2019566067
2019595141,16 Stuart Street,Ryde,2112,4650000,15 Nov 2024,Sold by private treaty,5,4,4,687,House,Domain,https://www.domain.com.au/16-stuart-street-ryde-nsw-2112-2019595141
2019571532,24 Greene Avenue,Ryde,2112,2861000,11 Nov 2024,Sold at auction,3,1,2,720,House,Domain,https://www.domain.com.au/24-greene-avenue-ryde-nsw-2112-2019571532
2019566406,5 Colston Street,Ryde,2112,3550000,09 Nov 2024,Sold at auction,5,3,2,581,House,Domain,https://www.domain.com.au/5-colston-street-ryde-nsw-2112-2019566406
2019566674,44 Fawcett Street,Ryde,2112,2189000,09 Nov 2024,Sold at auction,3,1,2,486,House,Domain,https://www.domain.com.au/44-fawcett-street-ryde-nsw-2112-2019566674
2019571531,6 Elizabeth Street,Ryde,2112,2540000,09 Nov 2024,Sold by private treaty,5,3,2,,House,Domain,https://www.domain.com.au/6-elizabeth-street-ryde-nsw-2112-2019571531
2019622482,32 Lardelli Drive,Ryde,2112,2405000,07 Nov 2024,Sold by private treaty,3,3,2,228,House,Domain,https://www.domain.com.au/32-lardelli-drive-ryde-nsw-2112-2019622482
2019560863,48 Forrest Road,Ryde,2112,2820000,07 Nov 2024,Sold by private treaty,6,4,2,,House,Domain,https://www.domain.com.au/48-forrest-road-ryde-nsw-2112-2019560863
2019563364,10 Arthur Street,Ryde,2112,2270000,06 Nov 2024,Sold at auction,1,1,1,569,House,Domain,https://www.domain.com.au/10-arthur-street-ryde-nsw-2112-2019563364
2019562925,8 Arthur Street,Ryde,2112,5800000,06 Nov 2024,Sold at auction,4,1,,3136,House,Domain,https://www.domain.com.au/8-arthur-street-ryde-nsw-2112-2019562925
2019584723,14 Wandoo Avenue,Ryde,2112,2660000,04 Nov 2024,Sold by private treaty,5,4,4,645,House,Domain,https://www.domain.com.au/14-wandoo-avenue-ryde-nsw-2112-2019584723
2019603412,19 Smalls Road,Ryde,2112,2150000,04 Nov 2024,Sold by private treaty,3,2,3,495,House,Domain,https://www.domain.com.au/19-smalls-road-ryde-nsw-2112-2019603412
2019551481,3 Hinkler Avenue,Ryde,2112,2655000,02 Nov 2024,Sold at auction,3,2,1,796,House,Domain,https://www.domain.com.au/3-hinkler-avenue-ryde-nsw-2112-2019551481
2019437706,220 Buffalo Road,Ryde,2112,2200000,30 Oct 2024,Sold by private treaty,3,1,1,,House,Domain,https://www.domain.com.au/220-buffalo-road-ryde-nsw-2112-2019437706
2019588419,25 Hinkler Avenue,Ryde,2112,2700000,29 Oct 2024,Sold prior to auction,5,3,4,607,House,Domain,https://www.domain.com.au/25-hinkler-avenue-ryde-nsw-2112-2019588419
2019537815,20 North Road,Ryde,2112,3275888,28 Oct 2024,Sold prior to auction,5,3,2,708,House,Domain,https://www.domain.com.au/20-north-road-ryde-nsw-2112-2019537815
2019545972,49 Boyce Street,Ryde,2112,2705000,24 Oct 2024,Sold at auction,3,1,2,698,House,Domain,https://www.domain.com.au/49-boyce-street-ryde-nsw-2112-2019545972
2019534340,38 Clayton Street,Ryde,2112,3700000,23 Oct 2024,Sold prior to auction,4,2,4,796,House,Domain,https://www.domain.com.au/38-clayton-street-ryde-nsw-2112-2019534340
2019537624,203 Buffalo Road,Ryde,2112,2740000,23 Oct 2024,Sold at auction,2,1,2,689,House,Domain,https://www.domain.com.au/203-buffalo-road-ryde-nsw-2112-2019537624
2019338825,314 Blaxland Road,Ryde,2112,1750000,21 Oct 2024,Sold by private treaty,3,1,1,891,House,Domain,https://www.domain.com.au/314-blaxland-road-ryde-nsw-2112-2019338825
2019500807,5 Adam Street,Ryde,2112,2200888,17 Oct 2024,Sold by private treaty,4,2,1,811,House,Domain,https://www.domain.com.au/5-adam-street-ryde-nsw-2112-2019500807
2019515972,19 Dolan Street,Ryde,2112,2550000,13 Oct 2024,Sold prior to auction,5,4,5,720,House,Domain,https://www.domain.com.au/19-dolan-street-ryde-nsw-2112-2019515972
2019489885,62 Greene Avenue,Ryde,2112,2325000,12 Oct 2024,Sold at auction,3,1,1,777,House,Domain,https://www.domain.com.au/62-greene-avenue-ryde-nsw-2112-2019489885
2019479679,74A Lane Cove Road,Ryde,2112,1300000,11 Oct 2024,Sold prior to auction,3,1,3,363,House,Domain,https://www.domain.com.au/74a-lane-cove-road-ryde-nsw-2112-2019479679
2019554232,82 Cressy Road,Ryde,2112,2604000,10 Oct 2024,Sold by private treaty,5,2,3,708,House,Domain,https://www.domain.com.au/82-cressy-road-ryde-nsw-2112-2019554232
2019419984,57 Susan Schardt Way,Ryde,2112,3350000,04 Oct 2024,Sold by private treaty,6,4,4,653,House,Domain,https://www.domain.com.au/57-susan-schardt-way-ryde-nsw-2112-2019419984
2019449969,28 Willow Crescent,Ryde,2112,1900000,01 Oct 2024,Sold by private treaty,4,2,3,,House,Domain,https://www.domain.com.au/28-willow-crescent-ryde-nsw-2112-2019449969
2019470369,17 Pooley Street,Ryde,2112,2370000,28 Sep 2024,Sold at auction,3,1,1,487,House,Domain,https://www.domain.com.au/17-pooley-street-ryde-nsw-2112-2019470369
2019454609,11 Nerang Street,Ryde,2112,3375000,27 Sep 2024,Sold prior to auction,5,3,4,,House,Domain,https://www.domain.com.au/11-nerang-street-ryde-nsw-2112-2019454609
2019473934,20 Charles Street,Ryde,2112,2310000,26 Sep 2024,Sold by private treaty,3,2,3,530,House,Domain,https://www.domain.com.au/20-charles-street-ryde-nsw-2112-2019473934
2019456709,12 Willow Crescent,Ryde,2112,2020000,21 Sep 2024,Sold at auction,3,1,2,531,House,Domain,https://www.domain.com.au/12-willow-crescent-ryde-nsw-2112-2019456709
2019446607,45 North Road,Ryde,2112,2570000,21 Sep 2024,Sold at auction,3,2,2,746,House,Domain,https://www.domain.com.au/45-north-road-ryde-nsw-2112-2019446607
2019474965,21 Acacia Avenue,Ryde,2112,2680000,17 Sep 2024,Sold by private treaty,4,2,2,620,House,Domain,https://www.domain.com.au/21-acacia-avenue-ryde-nsw-2112-2019474965
2019451797,3 Woodbine Crescent,Ryde,2112,2890000,16 Sep 2024,Sold prior to auction,4,2,2,720,House,Domain,https://www.domain.com.au/3-woodbine-crescent-ryde-nsw-2112-2019451797
2019444027,51 Watts Road,Ryde,2112,3255000,13 Sep 2024,Sold at auction,4,3,2,986,House,Domain,https://www.domain.com.au/51-watts-road-ryde-nsw-2112-2019444027
2019455304,32 Kuppa Road,Ryde,2112,1875000,10 Sep 2024,Sold prior to auction,4,2,2,618,House,Domain,https://www.domain.com.au/32-kuppa-road-ryde-nsw-2112-2019455304
2019391031,20 Wandoo Avenue,Ryde,2112,2100000,09 Sep 2024,Sold by private treaty,2,1,2,594,House,Domain,https://www.domain.com.au/20-wandoo-avenue-ryde-nsw-2112-2019391031
2019440161,7 Pidding Road,Ryde,2112,2018000,07 Sep 2024,Sold at auction,4,2,1,822,House,Domain,https://www.domain.com.au/7-pidding-road-ryde-nsw-2112-2019440161
2019423900,17a Olive Street,Ryde,2112,2390000,07 Sep 2024,Sold at auction,5,3,2,,House,Domain,https://www.domain.com.au/17a-olive-street-ryde-nsw-2112-2019423900
2019427090,1 Olivieri Place,Ryde,2112,3400000,07 Sep 2024,Sold at auction,4,3,2,633,House,Domain,https://www.domain.com.au/1-olivieri-place-ryde-nsw-2112-2019427090
2019392232,16 Bruce Street,Ryde,2112,2255000,06 Sep 2024,Sold by private treaty,3,2,2,674,House,Domain,https://www.domain.com.au/16-bruce-street-ryde-nsw-2112-2019392232
2019382132,27 Elizabeth Street,Ryde,2112,2600000,31 Aug 2024,Sold at auction,3,2,2,670,House,Domain,https://www.domain.com.au/27-elizabeth-street-ryde-nsw-2112-2019382132
2019427450,69 & 69A Bowden Street,Ryde,2112,2410000,30 Aug 2024,Sold prior to auction,4,3,1,495,House,Domain,https://www.domain.com.au/69-69a-bowden-street-ryde-nsw-2112-2019427450
2019330475,15 Kells Road,Ryde,2112,4020000,28 Aug 2024,Sold by private treaty,5,5,2,,House,Domain,https://www.domain.com.au/15-kells-road-ryde-nsw-2112-2019330475
2019412876,7 Wallumai Place,Ryde,2112,2210000,28 Aug 2024,Sold prior to auction,4,3,2,,House,Domain,https://www.domain.com.au/7-wallumai-place-ryde-nsw-2112-2019412876
2019115774,6 Betola Street,Ryde,2112,2700000,26 Aug 2024,Sold at auction,4,4,4,556,House,Domain,https://www.domain.com.au/6-betola-street-ryde-nsw-2112-2019115774
2019384264,49 Higginbotham Road,Ryde,2112,1630000,24 Aug 2024,Sold by private treaty,4,2,1,364,House,Domain,https://www.domain.com.au/49-higginbotham-road-ryde-nsw-2112-2019384264
2019254654,22A Kuppa Road,Ryde,2112,1930000,23 Aug 2024,Sold by private treaty,3,1,1,481,House,Domain,https://www.domain.com.au/22a-kuppa-road-ryde-nsw-2112-2019254654
2019379950,2 Cosimo Place,Ryde,2112,1880000,20 Aug 2024,Sold at auction,3,1,1,469,House,Domain,https://www.domain.com.au/2-cosimo-place-ryde-nsw-2112-2019379950
2019273089,98 Higginbotham Road,Ryde,2112,2700000,19 Aug 2024,Sold by private treaty,3,1,2,1005,House,Domain,https://www.domain.com.au/98-higginbotham-road-ryde-nsw-2112-2019273089
2019379957,21 Addington Avenue,Ryde,2112,2101000,17 Aug 2024,Sold at auction,2,1,1,575,House,Domain,https://www.domain.com.au/21-addington-avenue-ryde-nsw-2112-2019379957
2019278392,7A Jennifer Street,Ryde,2112,2915000,16 Aug 2024,Sold by private treaty,5,5,2,,House,Domain,https://www.domain.com.au/7a-jennifer-street-ryde-nsw-2112-2019278392
2019402149,27 Ronald Avenue,Ryde,2112,2545000,16 Aug 2024,Sold prior to auction,5,2,4,556,House,Domain,https://www.domain.com.au/27-ronald-avenue-ryde-nsw-2112-2019402149
2019371490,27 Ellen Street,Ryde,2112,2400000,12 Aug 2024,Sold at auction,4,1,1,608,House,Domain,https://www.domain.com.au/27-ellen-street-ryde-nsw-2112-2019371490
2019356472,29 Watts Road,Ryde,2112,2652000,12 Aug 2024,Sold at auction,3,1,1,581,House,Domain,https://www.domain.com.au/29-watts-road-ryde-nsw-2112-2019356472
2019371183,9 Richard Johnson Crescent,Ryde,2112,3450000,10 Aug 2024,Sold at auction,5,5,5,,House,Domain,https://www.domain.com.au/9-richard-johnson-crescent-ryde-nsw-2112-2019371183
2019373704,17 Willow Crescent,Ryde,2112,2550000,05 Aug 2024,Sold prior to auction,5,2,1,518,House,Domain,https://www.domain.com.au/17-willow-crescent-ryde-nsw-2112-2019373704
2019356657,30 Cressy Road,Ryde,2112,1866000,03 Aug 2024,Sold at auction,3,2,3,481,House,Domain,https://www.domain.com.au/30-cressy-road-ryde-nsw-2112-2019356657
2019352225,17 Clermont Avenue,Ryde,2112,2862000,03 Aug 2024,Sold at auction,5,3,2,695,House,Domain,https://www.domain.com.au/17-clermont-avenue-ryde-nsw-2112-2019352225
2019427900,25A Quarry Road,Ryde,2112,2300000,02 Aug 2024,Sold by private treaty,4,3,3,1014,House,Domain,https://www.domain.com.au/25a-quarry-road-ryde-nsw-2112-2019427900
2019343661,40 Ronald Avenue,Ryde,2112,2960000,30 Jul 2024,Sold by private treaty,5,4,2,695,House,Domain,https://www.domain.com.au/40-ronald-avenue-ryde-nsw-2112-2019343661
2019212088,37 Frederick Street,Ryde,2112,3960000,30 Jul 2024,Sold by private treaty,5,2,2,1113,House,Domain,https://www.domain.com.au/37-frederick-street-ryde-nsw-2112-2019212088
2019299355,9 Yerong Street,Ryde,2112,2750000,27 Jul 2024,Sold at auction,5,3,2,733,House,Domain,https://www.domain.com.au/9-yerong-street-ryde-nsw-2112-2019299355
2019333588,7 Crescent Avenue,Ryde,2112,3300000,20 Jul 2024,Sold at auction,4,2,2,841,House,Domain,https://www.domain.com.au/7-crescent-avenue-ryde-nsw-2112-2019333588
2019265460,6 Robinson Street,Ryde,2112,2283000,19 Jul 2024,Sold by private treaty,4,2,2,942,House,Domain,https://www.domain.com.au/6-robinson-street-ryde-nsw-2112-2019265460
2019331385,57 Princes Street,Ryde,2112,2510000,17 Jul 2024,Sold prior to auction,3,2,2,708,House,Domain,https://www.domain.com.au/57-princes-street-ryde-nsw-2112-2019331385
2019326403,26 Shepherd Street,Ryde,2112,2700000,13 Jul 2024,Sold at auction,3,1,1,891,House,Domain,https://www.domain.com.au/26-shepherd-street-ryde-nsw-2112-2019326403
2019282159,14 Collingridge Drive,Ryde,2112,3850000,09 Jul 2024,Sold prior to auction,5,5,4,481,House,Domain,https://www.domain.com.au/14-collingridge-drive-ryde-nsw-2112-2019282159
2019292380,22 Bygrave Street,Ryde,2112,4017000,07 Jul 2024,Sold at auction,6,5,4,645,House,Domain,https://www.domain.com.au/22-bygrave-street-ryde-nsw-2112-2019292380
2019306346,54A Belmore Street,Ryde,2112,2580000,06 Jul 2024,Sold at auction,6,4,3,695,House,Domain,https://www.domain.com.au/54a-belmore-street-ryde-nsw-2112-2019306346
2019332963,10 Clayton Street,Ryde,2112,2720000,05 Jul 2024,Sold prior to auction,4,2,1,,House,Domain,https://www.domain.com.au/10-clayton-street-ryde-nsw-2112-2019332963
2019161601,310 Blaxland Road,Ryde,2112,2083000,02 Jul 2024,Sold by private treaty,4,2,2,1195,House,Domain,https://www.domain.com.au/310-blaxland-road-ryde-nsw-2112-2019161601
2019255857,45 Acacia Avenue,Ryde,2112,3300000,02 Jul 2024,Sold by private treaty,5,2,2,670,House,Domain,https://www.domain.com.au/45-acacia-avenue-ryde-nsw-2112-2019255857
2019256836,32 Zola Avenue,Ryde,2112,2280000,27 Jun 2024,Sold by private treaty,3,1,2,607,House,Domain,https://www.domain.com.au/32-zola-avenue-ryde-nsw-2112-2019256836
2019273704,10 Searle Street,Ryde,2112,3501000,22 Jun 2024,Sold at auction,4,2,2,836,House,Domain,https://www.domain.com.au/10-searle-street-ryde-nsw-2112-2019273704
2019214638,128 Quarry Road,Ryde,2112,1700000,21 Jun 2024,Sold by private treaty,2,1,2,486,House,Domain,https://www.domain.com.au/128-quarry-road-ryde-nsw-2112-2019214638
2019278367,16 Milne Street,Ryde,2112,2700000,19 Jun 2024,Sold at auction,4,3,2,,House,Domain,https://www.domain.com.au/16-milne-street-ryde-nsw-2112-2019278367
2019253760,104 Bridge Road,Ryde,2112,3410000,18 Jun 2024,Sold at auction,1,1,,830,House,Domain,https://www.domain.com.au/104-bridge-road-ryde-nsw-2112-2019253760
2019224550,25 Christine Avenue,Ryde,2112,1920000,08 Jun 2024,Sold at auction,3,1,3,461,House,Domain,https://www.domain.com.au/25-christine-avenue-ryde-nsw-2112-2019224550
2019256082,18 Ronald Avenue,Ryde,2112,4000000,07 Jun 2024,Sold prior to auction,5,3,2,695,House,Domain,https://www.domain.com.au/18-ronald-avenue-ryde-nsw-2112-2019256082
2019303196,5 Pidding Road,Ryde,2112,1850000,06 Jun 2024,Sold by private treaty,6,2,2,,House,Domain,https://www.domain.com.au/5-pidding-road-ryde-nsw-2112-2019303196
2019236335,32 Lavarack Street,Ryde,2112,2280000,01 Jun 2024,Sold at auction,3,1,2,581,House,Domain,https://www.domain.com.au/32-lavarack-street-ryde-nsw-2112-2019236335
2019223866,9 Cressy Road,Ryde,2112,2420000,01 Jun 2024,Sold at auction,3,1,2,695,House,Domain,https://www.domain.com.au/9-cressy-road-ryde-nsw-2112-2019223866
2019256838,69 North Road,Ryde,2112,2300000,31 May 2024,Sold by private treaty,3,1,2,,House,Domain,https://www.domain.com.au/69-north-road-ryde-nsw-2112-2019256838
2019215303,34 Bowden Street,Ryde,2112,2669000,27 May 2024,Sold at auction,6,4,4,594,House,Domain,https://www.domain.com.au/34-bowden-street-ryde-nsw-2112-2019215303
2019212921,29 Kells Road,Ryde,2112,2370000,24 May 2024,Sold prior to auction,4,2,2,461,House,Domain,https://www.domain.com.au/29-kells-road-ryde-nsw-2112-2019212921
2019211397,1 Irvine Crescent,Ryde,2112,1900000,17 May 2024,Sold prior to auction,4,2,3,,House,Domain,https://www.domain.com.au/1-irvine-crescent-ryde-nsw-2112-2019211397
2019011358,55A North Road,Ryde,2112,2050000,16 May 2024,Sold at auction,3,1,2,580,House,Domain,https://www.domain.com.au/55a-north-road-ryde-nsw-2112-2019011358
2019090938,3 Heath Street,Ryde,2112,2825000,15 May 2024,Sold at auction,3,1,1,739,House,Domain,https://www.domain.com.au/3-heath-street-ryde-nsw-2112-2019090938
2019185222,19 Samuel Street,Ryde,2112,3100000,14 May 2024,Sold at auction,5,5,4,500,House,Domain,https://www.domain.com.au/19-samuel-street-ryde-nsw-2112-2019185222
2019191848,26 Lavarack Street,Ryde,2112,2300000,13 May 2024,Sold by private treaty,3,1,3,580,House,Domain,https://www.domain.com.au/26-lavarack-street-ryde-nsw-2112-2019191848
2019007234,13 Pidding Road,Ryde,2112,1920000,13 May 2024,Sold at auction,3,1,1,1175,House,Domain,https://www.domain.com.au/13-pidding-road-ryde-nsw-2112-2019007234
2019183092,2 Bright Street,Ryde,2112,2250000,11 May 2024,Sold at auction,3,1,3,581,House,Domain,https://www.domain.com.au/2-bright-street-ryde-nsw-2112-2019183092
2019190767,24 Ronald Avenue,Ryde,2112,2735000,11 May 2024,Sold at auction,3,2,3,695,House,Domain,https://www.domain.com.au/24-ronald-avenue-ryde-nsw-2112-2019190767
2019135178,38 Potts Street,Ryde,2112,2290000,11 May 2024,Sold at auction,3,1,1,,House,Domain,https://www.domain.com.au/38-potts-street-ryde-nsw-2112-2019135178
2019186336,42 Smalls Road,Ryde,2112,3880000,07 May 2024,Sold prior to auction,5,3,5,708,House,Domain,https://www.domain.com.au/42-smalls-road-ryde-nsw-2112-2019186336
2019176363,22 Byron Avenue,Ryde,2112,2561000,04 May 2024,Sold at auction,5,2,2,682,House,Domain,https://www.domain.com.au/22-byron-avenue-ryde-nsw-2112-2019176363
2019175937,80 Princes Street,Ryde,2112,1900000,03 May 2024,Sold prior to auction,5,2,1,,House,Domain,https://www.domain.com.au/80-princes-street-ryde-nsw-2112-2019175937
2019239998,162 Quarry Road,Ryde,2112,2430000,27 Apr 2024,Sold by private treaty,3,1,2,,House,Domain,https://www.domain.com.au/162-quarry-road-ryde-nsw-2112-2019239998
2019157020,27 Belmore Street,Ryde,2112,3000000,27 Apr 2024,Sold at auction,2,1,1,1031,House,Domain,https://www.domain.com.au/27-belmore-street-ryde-nsw-2112-2019157020
2019199719,47 Hancott Street,Ryde,2112,2720000,23 Apr 2024,Sold by private treaty,4,1,1,702,House,Domain,https://www.domain.com.au/47-hancott-street-ryde-nsw-2112-2019199719
2019104229,10 Minga Street,Ryde,2112,2600000,19 Apr 2024,Sold by private treaty,4,3,2,582,House,Domain,https://www.domain.com.au/10-minga-street-ryde-nsw-2112-2019104229
2019149863,22 Wolger Road,Ryde,2112,2600000,15 Apr 2024,Sold by private treaty,5,3,2,,House,Domain,https://www.domain.com.au/22-wolger-road-ryde-nsw-2112-2019149863
2019110438,25 Rickard Street,Ryde,2112,2610000,13 Apr 2024,Sold at auction,4,2,2,645,House,Domain,https://www.domain.com.au/25-rickard-street-ryde-nsw-2112-2019110438
2019124186,11 Pidding Road,Ryde,2112,2260000,13 Apr 2024,Sold at auction,4,2,1,1056,House,Domain,https://www.domain.com.au/11-pidding-road-ryde-nsw-2112-2019124186
2019125345,37 John Miller Street,Ryde,2112,2785000,13 Apr 2024,Sold at auction,4,1,1,942,House,Domain,https://www.domain.com.au/37-john-miller-street-ryde-nsw-2112-2019125345
2019131400,12 Suttor Avenue,Ryde,2112,2680000,13 Apr 2024,Sold at auction,4,1,1,1043,House,Domain,https://www.domain.com.au/12-suttor-avenue-ryde-nsw-2112-2019131400
2019115207,94 Higginbotham Road,Ryde,2112,2100000,11 Apr 2024,Sold by private treaty,3,3,2,1235,House,Domain,https://www.domain.com.au/94-higginbotham-road-ryde-nsw-2112-2019115207
2019173315,21 Smalls Road,Ryde,2112,2700000,10 Apr 2024,Sold by private treaty,3,2,2,,House,Domain,https://www.domain.com.au/21-smalls-road-ryde-nsw-2112-2019173315
2019118544,9 Stephen Avenue,Ryde,2112,2800000,09 Apr 2024,Sold prior to auction,6,4,2,1213,House,Domain,https://www.domain.com.au/9-stephen-avenue-ryde-nsw-2112-2019118544
2019640874,22 Kells Road,Ryde,2112,2423000,03 Apr 2024,Sold at auction,4,1,1,537,House,Domain,https://www.domain.com.au/22-kells-road-ryde-nsw-2112-2019640874
2019002539,69 Lavarack Street,Ryde,2112,2650000,31 Mar 2024,Sold by private treaty,5,3,2,588,House,Domain,https://www.domain.com.au/69-lavarack-street-ryde-nsw-2112-2019002539
2019109519,7 Gladstone Avenue,Ryde,2112,2220888,28 Mar 2024,Sold prior to auction,4,2,2,543,House,Domain,https://www.domain.com.au/7-gladstone-avenue-ryde-nsw-2112-2019109519
2019080057,1 Samuel Street,Ryde,2112,2772500,23 Mar 2024,Sold at auction,3,2,2,663,House,Domain,https://www.domain.com.au/1-samuel-street-ryde-nsw-2112-2019080057
2019069982,83 Bowden Street,Ryde,2112,2200000,23 Mar 2024,Sold at auction,3,2,2,586,House,Domain,https://www.domain.com.au/83-bowden-street-ryde-nsw-2112-2019069982
2019075483,295 Morrison Road,Ryde,2112,3085888,22 Mar 2024,Sold prior to auction,8,6,1,607,House,Domain,https://www.domain.com.au/295-morrison-road-ryde-nsw-2112-2019075483
2019072804,46 Lane Cove Road,Ryde,2112,1800000,21 Mar 2024,Sold by private treaty,3,1,4,663,House,Domain,https://www.domain.com.au/46-lane-cove-road-ryde-nsw-2112-2019072804
2019132455,1 Dorothy Street,Ryde,2112,3250000,21 Mar 2024,Sold by private treaty,3,2,1,950,House,Domain,https://www.domain.com.au/1-dorothy-street-ryde-nsw-2112-2019132455
2019084676,10 Bruce Street,Ryde,2112,2400000,19 Mar 2024,Sold by private treaty,3,1,2,670,House,Domain,https://www.domain.com.au/10-bruce-street-ryde-nsw-2112-2019084676
2019068736,102 Bridge Road,Ryde,2112,3172000,16 Mar 2024,Sold at auction,1,1,1,843,House,Domain,https://www.domain.com.au/102-bridge-road-ryde-nsw-2112-2019068736
2019121085,94 Bridge Road,Ryde,2112,2800000,14 Mar 2024,Sold by private treaty,3,1,1,,House,Domain,https://www.domain.com.au/94-bridge-road-ryde-nsw-2112-2019121085
2019098921,233 Quarry Road,Ryde,2112,3100000,12 Mar 2024,Sold prior to auction,6,3,2,620,House,Domain,https://www.domain.com.au/233-quarry-road-ryde-nsw-2112-2019098921
2019102969,1 Ratcliffe Street,Ryde,2112,2365000,06 Mar 2024,Sold by private treaty,3,2,1,,House,Domain,https://www.domain.com.au/1-ratcliffe-street-ryde-nsw-2112-2019102969
2018856452,94 Church Street,Ryde,2112,1670000,06 Mar 2024,Sold by private treaty,4,2,2,,House,Domain,https://www.domain.com.au/94-church-street-ryde-nsw-2112-2018856452
2020758448,22A Upper Avenue,Mosman,2088,3080000,10 Aug 2026,Sold by private treaty,4,3,2,,House,Domain,https://www.domain.com.au/22a-upper-avenue-mosman-nsw-2088-2020758448
2021018711,77 Belmont Road,Mosman,2088,4900000,05 Aug 2026,Sold prior to auction,4,3,1,462,House,Domain,https://www.domain.com.au/77-belmont-road-mosman-nsw-2088-2021018711
2020579143,5 Botanic Road,Mosman,2088,8700000,22 Jul 2026,Sold by private treaty,4,3,2,,House,Domain,https://www.domain.com.au/5-botanic-road-mosman-nsw-2088-2020579143
2020897096,3 Gordon Street,Mosman,2088,7650000,02 Jul 2026,Sold prior to auction,5,2,2,490,House,Domain,https://www.domain.com.au/3-gordon-street-mosman-nsw-2088-2020897096
2020876184,67 Cowles Road,Mosman,2088,3225000,02 Jul 2026,Sold prior to auction,4,2,,,House,Domain,https://www.domain.com.au/67-cowles-road-mosman-nsw-2088-2020876184
2020889435,36 Lang Street,Mosman,2088,2865000,02 Jul 2026,Sold prior to auction,3,2,1,260,House,Domain,https://www.domain.com.au/36-lang-street-mosman-nsw-2088-2020889435
2020801931,21 Morella Road,Mosman,2088,11650000,01 Jul 2026,Sold by private treaty,4,4,2,,House,Domain,https://www.domain.com.au/21-morella-road-mosman-nsw-2088-2020801931
2020786599,17 Avenue Road,Mosman,2088,5450000,19 Jun 2026,Sold by private treaty,5,3,2,,House,Domain,https://www.domain.com.au/17-avenue-road-mosman-nsw-2088-2020786599
2020825168,5 Central Avenue,Mosman,2088,6399000,19 Jun 2026,Sold by private treaty,5,4,2,607,House,Domain,https://www.domain.com.au/5-central-avenue-mosman-nsw-2088-2020825168
2020808172,14 Almora Street,Mosman,2088,5025000,06 Jun 2026,Sold at auction,3,3,2,,House,Domain,https://www.domain.com.au/14-almora-street-mosman-nsw-2088-2020808172
2020562800,2 Morella Road,Mosman,2088,7360000,05 Jun 2026,Sold by private treaty,5,4,4,594,House,Domain,https://www.domain.com.au/2-morella-road-mosman-nsw-2088-2020562800
2020821383,105 Holt Avenue,Mosman,2088,3550000,05 Jun 2026,Sold prior to auction,4,3,,,House,Domain,https://www.domain.com.au/105-holt-avenue-mosman-nsw-2088-2020821383
2020898311,11 Euryalus Street,Mosman,2088,7260000,04 Jun 2026,Sold prior to auction,6,4,3,879,House,Domain,https://www.domain.com.au/11-euryalus-street-mosman-nsw-2088-2020898311
2020635428,96 Glover Street,Mosman,2088,3390000,02 Jun 2026,Sold at auction,4,3,2,379,House,Domain,https://www.domain.com.au/96-glover-street-mosman-nsw-2088-2020635428
2020778239,14 Calypso Avenue,Mosman,2088,4820000,30 May 2026,Sold at auction,4,2,2,,House,Domain,https://www.domain.com.au/14-calypso-avenue-mosman-nsw-2088-2020778239
2020798352,1 Bradleys Head Road,Mosman,2088,9400000,28 May 2026,Sold prior to auction,5,3,3,894,House,Domain,https://www.domain.com.au/1-bradleys-head-road-mosman-nsw-2088-2020798352
2020795866,200 Spit Road,Mosman,2088,3350000,27 May 2026,Sold prior to auction,3,1,2,505,House,Domain,https://www.domain.com.au/200-spit-road-mosman-nsw-2088-2020795866
2020766361,33 Killarney Street,Mosman,2088,4165000,14 May 2026,Sold at auction,3,2,1,493,House,Domain,https://www.domain.com.au/33-killarney-street-mosman-nsw-2088-2020766361
2020764458,24 Mulbring Street,Mosman,2088,4400000,14 May 2026,Sold prior to auction,5,2,1,581,House,Domain,https://www.domain.com.au/24-mulbring-street-mosman-nsw-2088-2020764458
2020803030,6 Countess Street,Mosman,2088,3525000,12 May 2026,Sold prior to auction,3,2,1,378,House,Domain,https://www.domain.com.au/6-countess-street-mosman-nsw-2088-2020803030
2020628335,2 Dugald Road,Mosman,2088,7600000,11 May 2026,Sold by private treaty,5,3,2,739,House,Domain,https://www.domain.com.au/2-dugald-road-mosman-nsw-2088-2020628335
2020676985,22 Cowles Road,Mosman,2088,5605000,05 May 2026,Sold prior to auction,4,2,1,616,House,Domain,https://www.domain.com.au/22-cowles-road-mosman-nsw-2088-2020676985
2020947425,5 Euryalus Street,Mosman,2088,6400000,01 May 2026,Sold by private treaty,4,2,,647,House,Domain,https://www.domain.com.au/5-euryalus-street-mosman-nsw-2088-2020947425
2020763446,41 Lang Street,Mosman,2088,3350000,01 May 2026,Sold prior to auction,3,2,,,House,Domain,https://www.domain.com.au/41-lang-street-mosman-nsw-2088-2020763446
2020728938,37 Dalton Road,Mosman,2088,3450000,29 Apr 2026,Sold prior to auction,4,1,1,,House,Domain,https://www.domain.com.au/37-dalton-road-mosman-nsw-2088-2020728938
2020742877,3 Glover Street,Mosman,2088,5600000,20 Apr 2026,Sold prior to auction,5,2,1,515,House,Domain,https://www.domain.com.au/3-glover-street-mosman-nsw-2088-2020742877
2020695298,9 The Crescent,Mosman,2088,5100000,18 Apr 2026,Sold at auction,5,3,,504,House,Domain,https://www.domain.com.au/9-the-crescent-mosman-nsw-2088-2020695298
2020652926,34 Somerset Street,Mosman,2088,5300000,17 Apr 2026,Sold by private treaty,4,2,2,557,House,Domain,https://www.domain.com.au/34-somerset-street-mosman-nsw-2088-2020652926
2020621624,161 Avenue Road,Mosman,2088,3760000,16 Apr 2026,Sold at auction,3,1,2,,House,Domain,https://www.domain.com.au/161-avenue-road-mosman-nsw-2088-2020621624
2020578973,8A Bickell Road,Mosman,2088,5050000,15 Apr 2026,Sold by private treaty,5,3,4,746,House,Domain,https://www.domain.com.au/8a-bickell-road-mosman-nsw-2088-2020578973
2020640390,19 Bray Street,Mosman,2088,4681000,13 Apr 2026,Sold by private treaty,5,2,3,461,House,Domain,https://www.domain.com.au/19-bray-street-mosman-nsw-2088-2020640390
2020677840,130 Cowles Road,Mosman,2088,4200000,11 Apr 2026,Sold at auction,5,2,1,,House,Domain,https://www.domain.com.au/130-cowles-road-mosman-nsw-2088-2020677840
2020677703,14 Erith Street,Mosman,2088,5300000,11 Apr 2026,Sold at auction,4,3,1,613,House,Domain,https://www.domain.com.au/14-erith-street-mosman-nsw-2088-2020677703
2020677179,38 Bond Street,Mosman,2088,2920000,01 Apr 2026,Sold at auction,3,1,1,233,House,Domain,https://www.domain.com.au/38-bond-street-mosman-nsw-2088-2020677179
2020348348,44 Musgrave Street,Mosman,2088,3388000,31 Mar 2026,Sold by private treaty,4,3,1,240,House,Domain,https://www.domain.com.au/44-musgrave-street-mosman-nsw-2088-2020348348
2020640428,27 Bardwell Road,Mosman,2088,3675000,30 Mar 2026,Sold at auction,4,2,1,259,House,Domain,https://www.domain.com.au/27-bardwell-road-mosman-nsw-2088-2020640428
2020627101,14 Illawarra Street,Mosman,2088,4635000,27 Mar 2026,Sold at auction,3,2,1,1107,House,Domain,https://www.domain.com.au/14-illawarra-street-mosman-nsw-2088-2020627101
2020560082,34 Rickard Avenue,Mosman,2088,9000000,27 Mar 2026,Sold by private treaty,7,3,2,,House,Domain,https://www.domain.com.au/34-rickard-avenue-mosman-nsw-2088-2020560082
2020631057,10 Cyprian Street,Mosman,2088,8500000,26 Mar 2026,Sold at auction,4,3,2,559,House,Domain,https://www.domain.com.au/10-cyprian-street-mosman-nsw-2088-2020631057
2020659343,6 Wolseley Road,Mosman,2088,6600000,26 Mar 2026,Sold at auction,4,2,2,436,House,Domain,https://www.domain.com.au/6-wolseley-road-mosman-nsw-2088-2020659343
2020659326,26 David Street,Mosman,2088,8750000,25 Mar 2026,Sold prior to auction,5,3,2,766,House,Domain,https://www.domain.com.au/26-david-street-mosman-nsw-2088-2020659326
2020719690,88 Shadforth Street,Mosman,2088,6850000,24 Mar 2026,Sold by private treaty,4,3,2,602,House,Domain,https://www.domain.com.au/88-shadforth-street-mosman-nsw-2088-2020719690
2020654996,11 Cobbittee Street,Mosman,2088,7325000,20 Mar 2026,Sold prior to auction,5,4,4,670,House,Domain,https://www.domain.com.au/11-cobbittee-street-mosman-nsw-2088-2020654996
2020659263,3 Ourimbah Road,Mosman,2088,2900000,20 Mar 2026,Sold prior to auction,3,1,1,,House,Domain,https://www.domain.com.au/3-ourimbah-road-mosman-nsw-2088-2020659263
2020393115,29 Pearl Bay Avenue,Mosman,2088,7198000,20 Mar 2026,Sold by private treaty,4,3,3,,House,Domain,https://www.domain.com.au/29-pearl-bay-avenue-mosman-nsw-2088-2020393115
2020562964,125 Ourimbah Road,Mosman,2088,4750000,19 Mar 2026,Sold by private treaty,5,5,2,480,House,Domain,https://www.domain.com.au/125-ourimbah-road-mosman-nsw-2088-2020562964
2020579297,8A Prince Street,Mosman,2088,3570000,18 Mar 2026,Sold prior to auction,4,3,2,258,House,Domain,https://www.domain.com.au/8a-prince-street-mosman-nsw-2088-2020579297
2020612111,2a Ryrie Street,Mosman,2088,3700000,14 Mar 2026,Sold at auction,3,2,3,493,House,Domain,https://www.domain.com.au/2a-ryrie-street-mosman-nsw-2088-2020612111
2020601065,8 Pindari Avenue,Mosman,2088,6320000,11 Mar 2026,Sold prior to auction,5,3,2,527,House,Domain,https://www.domain.com.au/8-pindari-avenue-mosman-nsw-2088-2020601065
2020580975,18 Melrose Street,Mosman,2088,5200000,09 Mar 2026,Sold by private treaty,6,3,2,532,House,Domain,https://www.domain.com.au/18-melrose-street-mosman-nsw-2088-2020580975
2020580976,31 Ryrie Street,Mosman,2088,3900000,07 Mar 2026,Sold at auction,5,3,2,624,House,Domain,https://www.domain.com.au/31-ryrie-street-mosman-nsw-2088-2020580976
2020561484,53 Clanalpine Street,Mosman,2088,7700000,06 Mar 2026,Sold by private treaty,5,5,4,511,House,Domain,https://www.domain.com.au/53-clanalpine-street-mosman-nsw-2088-2020561484
2020602000,32 Lang Street,Mosman,2088,3900000,06 Mar 2026,Sold prior to auction,5,2,2,493,House,Domain,https://www.domain.com.au/32-lang-street-mosman-nsw-2088-2020602000
2020366322,55 Wolseley Road,Mosman,2088,7430000,05 Mar 2026,Sold by private treaty,4,3,4,771,House,Domain,https://www.domain.com.au/55-wolseley-road-mosman-nsw-2088-2020366322
2020597566,14 Kirkoswald Avenue,Mosman,2088,8510000,05 Mar 2026,Sold prior to auction,5,3,2,556,House,Domain,https://www.domain.com.au/14-kirkoswald-avenue-mosman-nsw-2088-2020597566
2020581693,19 Wyong Road,Mosman,2088,8085000,04 Mar 2026,Sold prior to auction,4,3,1,999,House,Domain,https://www.domain.com.au/19-wyong-road-mosman-nsw-2088-2020581693
2020583678,51 Prince Street,Mosman,2088,6600000,02 Mar 2026,Sold prior to auction,5,4,2,,House,Domain,https://www.domain.com.au/51-prince-street-mosman-nsw-2088-2020583678
2020577468,28 David Street,Mosman,2088,17150000,02 Mar 2026,Sold by private treaty,5,5,3,1150,House,Domain,https://www.domain.com.au/28-david-street-mosman-nsw-2088-2020577468
2020080714,33 Spofforth Street,Mosman,2088,5075000,02 Mar 2026,Sold by private treaty,4,3,3,,House,Domain,https://www.domain.com.au/33-spofforth-street-mosman-nsw-2088-2020080714
2020368664,42 Prince Street,Mosman,2088,5000000,27 Feb 2026,Sold by private treaty,4,2,2,,House,Domain,https://www.domain.com.au/42-prince-street-mosman-nsw-2088-2020368664
2020599966,1 Bray Street,Mosman,2088,3750000,27 Feb 2026,Sold prior to auction,3,2,1,296,House,Domain,https://www.domain.com.au/1-bray-street-mosman-nsw-2088-2020599966
2020457323,21A Noble Street,Mosman,2088,5100000,26 Feb 2026,Sold prior to auction,4,3,3,887,House,Domain,https://www.domain.com.au/21a-noble-street-mosman-nsw-2088-2020457323
2020641273,18 Esther Road,Mosman,2088,14500000,26 Feb 2026,Sold by private treaty,4,3,4,,House,Domain,https://www.domain.com.au/18-esther-road-mosman-nsw-2088-2020641273
2020561746,16 Lower Boyle Street,Mosman,2088,12700000,25 Feb 2026,Sold prior to auction,5,3,4,619,House,Domain,https://www.domain.com.au/16-lower-boyle-street-mosman-nsw-2088-2020561746
2020585619,20A Cobbittee Street,Mosman,2088,13200000,19 Feb 2026,Sold prior to auction,4,4,3,,House,Domain,https://www.domain.com.au/20a-cobbittee-street-mosman-nsw-2088-2020585619
2020552969,46 Spencer Road,Mosman,2088,3990000,16 Feb 2026,Sold prior to auction,4,2,,233,House,Domain,https://www.domain.com.au/46-spencer-road-mosman-nsw-2088-2020552969
2020606826,36 Orlando Avenue,Mosman,2088,5600000,13 Feb 2026,Sold by private treaty,4,2,2,443,House,Domain,https://www.domain.com.au/36-orlando-avenue-mosman-nsw-2088-2020606826
2020578952,40 Middle Head Road,Mosman,2088,10850000,12 Feb 2026,Sold prior to auction,5,4,2,1107,House,Domain,https://www.domain.com.au/40-middle-head-road-mosman-nsw-2088-2020578952
2020583086,63 Rangers Avenue,Mosman,2088,5000000,12 Feb 2026,Sold prior to auction,4,3,2,455,House,Domain,https://www.domain.com.au/63-rangers-avenue-mosman-nsw-2088-2020583086
2020558447,25 Spencer Road,Mosman,2088,4400000,11 Feb 2026,Sold prior to auction,4,2,1,300,House,Domain,https://www.domain.com.au/25-spencer-road-mosman-nsw-2088-2020558447
2020558886,41 Cowles Road,Mosman,2088,5600000,10 Feb 2026,Sold prior to auction,5,2,2,,House,Domain,https://www.domain.com.au/41-cowles-road-mosman-nsw-2088-2020558886
2020565130,74 Shadforth Street,Mosman,2088,5860500,09 Feb 2026,Sold prior to auction,5,2,1,578,House,Domain,https://www.domain.com.au/74-shadforth-street-mosman-nsw-2088-2020565130
2020261169,51 Hale Road,Mosman,2088,3215000,04 Feb 2026,Sold by private treaty,2,1,1,249,House,Domain,https://www.domain.com.au/51-hale-road-mosman-nsw-2088-2020261169
2020367470,40 Wolseley Road,Mosman,2088,7950000,08 Jan 2026,Sold by private treaty,5,3,2,424,House,Domain,https://www.domain.com.au/40-wolseley-road-mosman-nsw-2088-2020367470
2020511697,123 Ourimbah Road,Mosman,2088,3550000,22 Dec 2025,Sold by private treaty,4,3,1,302,House,Domain,https://www.domain.com.au/123-ourimbah-road-mosman-nsw-2088-2020511697
2020626570,21 Balmoral Avenue,Mosman,2088,20500000,19 Dec 2025,Sold by private treaty,5,3,2,570,House,Domain,https://www.domain.com.au/21-balmoral-avenue-mosman-nsw-2088-2020626570
2020423021,37 Wyong Road,Mosman,2088,6780000,15 Dec 2025,Sold by private treaty,4,4,2,701,House,Domain,https://www.domain.com.au/37-wyong-road-mosman-nsw-2088-2020423021
2020371057,161 Spit Road,Mosman,2088,4750000,13 Dec 2025,Sold by private treaty,5,3,2,570,House,Domain,https://www.domain.com.au/161-spit-road-mosman-nsw-2088-2020371057
2020323489,32 Park Avenue,Mosman,2088,5820000,12 Dec 2025,Sold by private treaty,5,3,1,613,House,Domain,https://www.domain.com.au/32-park-avenue-mosman-nsw-2088-2020323489
2020402516,33 Raglan Street,Mosman,2088,12250000,11 Dec 2025,Sold at auction,5,5,4,,House,Domain,https://www.domain.com.au/33-raglan-street-mosman-nsw-2088-2020402516
2020350821,28 Ruby Street,Mosman,2088,38000000,11 Dec 2025,Sold by private treaty,7,6,6,1792,House,Domain,https://www.domain.com.au/28-ruby-street-mosman-nsw-2088-2020350821
2020386328,2 Killarney Street,Mosman,2088,3600000,09 Dec 2025,Sold by private treaty,5,2,1,446,House,Domain,https://www.domain.com.au/2-killarney-street-mosman-nsw-2088-2020386328
2020491412,30 Shadforth Street,Mosman,2088,8500000,09 Dec 2025,Sold by private treaty,6,3,2,,House,Domain,https://www.domain.com.au/30-shadforth-street-mosman-nsw-2088-2020491412
2020424609,6 Ruby Street,Mosman,2088,11100000,06 Dec 2025,Sold at auction,5,4,4,1056,House,Domain,https://www.domain.com.au/6-ruby-street-mosman-nsw-2088-2020424609
2020400043,7 Everview Avenue,Mosman,2088,5828000,05 Dec 2025,Sold by private treaty,5,3,2,737,House,Domain,https://www.domain.com.au/7-everview-avenue-mosman-nsw-2088-2020400043
2020338767,22B Inkerman Street,Mosman,2088,6900000,05 Dec 2025,Sold by private treaty,4,3,2,,House,Domain,https://www.domain.com.au/22b-inkerman-street-mosman-nsw-2088-2020338767
2020404189,26 Vista Street,Mosman,2088,4320000,05 Dec 2025,Sold by private treaty,4,2,1,321,House,Domain,https://www.domain.com.au/26-vista-street-mosman-nsw-2088-2020404189
2020352861,10A Rangers Avenue,Mosman,2088,2900000,05 Dec 2025,Sold by private treaty,3,1,,221,House,Domain,https://www.domain.com.au/10a-rangers-avenue-mosman-nsw-2088-2020352861
2020467080,6 Lavoni Street,Mosman,2088,11550000,05 Dec 2025,Sold by private treaty,7,4,3,715,House,Domain,https://www.domain.com.au/6-lavoni-street-mosman-nsw-2088-2020467080
2020400691,103 Shadforth Street,Mosman,2088,2720000,29 Nov 2025,Sold at auction,3,1,,252,House,Domain,https://www.domain.com.au/103-shadforth-street-mosman-nsw-2088-2020400691
2020396824,69 Awaba Street,Mosman,2088,3470000,27 Nov 2025,Sold prior to auction,5,3,1,,House,Domain,https://www.domain.com.au/69-awaba-street-mosman-nsw-2088-2020396824
2020247955,41 Bardwell Road,Mosman,2088,7825000,27 Nov 2025,Sold by private treaty,5,3,3,528,House,Domain,https://www.domain.com.au/41-bardwell-road-mosman-nsw-2088-2020247955
2020403793,13 Bardwell Road,Mosman,2088,3250000,26 Nov 2025,Sold prior to auction,4,1,,,House,Domain,https://www.domain.com.au/13-bardwell-road-mosman-nsw-2088-2020403793
2020333091,56 Spencer Road,Mosman,2088,3850000,22 Nov 2025,Sold at auction,4,3,,,House,Domain,https://www.domain.com.au/56-spencer-road-mosman-nsw-2088-2020333091
2020367951,85 Shadforth Street,Mosman,2088,6250000,21 Nov 2025,Sold prior to auction,4,2,2,541,House,Domain,https://www.domain.com.au/85-shadforth-street-mosman-nsw-2088-2020367951
2020346158,8 Beauty Point Road,Mosman,2088,7300000,20 Nov 2025,Sold by private treaty,5,2,3,663,House,Domain,https://www.domain.com.au/8-beauty-point-road-mosman-nsw-2088-2020346158
2019597712,15 Balmoral Avenue,Mosman,2088,15880000,19 Nov 2025,Sold by private treaty,5,4,2,788,House,Domain,https://www.domain.com.au/15-balmoral-avenue-mosman-nsw-2088-2019597712
2020350609,30 Beauty Point Road,Mosman,2088,11000000,17 Nov 2025,Sold at auction,5,5,3,879,House,Domain,https://www.domain.com.au/30-beauty-point-road-mosman-nsw-2088-2020350609
2020315300,94A Raglan Street,Mosman,2088,3700000,15 Nov 2025,Sold by private treaty,3,2,1,,House,Domain,https://www.domain.com.au/94a-raglan-street-mosman-nsw-2088-2020315300
2020487024,35 Spencer Road,Mosman,2088,6750000,14 Nov 2025,Sold by private treaty,4,2,2,,House,Domain,https://www.domain.com.au/35-spencer-road-mosman-nsw-2088-2020487024
2020241177,7 Cross Street,Mosman,2088,10100000,14 Nov 2025,Sold by private treaty,6,3,2,695,House,Domain,https://www.domain.com.au/7-cross-street-mosman-nsw-2088-2020241177
2020350586,20 Esther Road,Mosman,2088,14100000,13 Nov 2025,Sold prior to auction,5,3,4,680,House,Domain,https://www.domain.com.au/20-esther-road-mosman-nsw-2088-2020350586
2020346743,3 Middle Head Road,Mosman,2088,7690000,07 Nov 2025,Sold prior to auction,4,1,5,727,House,Domain,https://www.domain.com.au/3-middle-head-road-mosman-nsw-2088-2020346743
2020363872,15A Mulbring Street,Mosman,2088,7710000,01 Nov 2025,Sold prior to auction,4,2,4,600,House,Domain,https://www.domain.com.au/15a-mulbring-street-mosman-nsw-2088-2020363872
2020314334,110 Awaba Street,Mosman,2088,5230000,30 Oct 2025,Sold at auction,5,4,2,479,House,Domain,https://www.domain.com.au/110-awaba-street-mosman-nsw-2088-2020314334
2020348815,33 Bond Street,Mosman,2088,2210000,29 Oct 2025,Sold prior to auction,2,1,,220,House,Domain,https://www.domain.com.au/33-bond-street-mosman-nsw-2088-2020348815
2020348061,31 Pearl Bay Avenue,Mosman,2088,10475000,27 Oct 2025,Sold prior to auction,5,4,2,692,House,Domain,https://www.domain.com.au/31-pearl-bay-avenue-mosman-nsw-2088-2020348061
2020246178,73 Belmont Road,Mosman,2088,3581000,23 Oct 2025,Sold by private treaty,3,3,2,282,House,Domain,https://www.domain.com.au/73-belmont-road-mosman-nsw-2088-2020246178
2020195793,244A Raglan Street,Mosman,2088,7600000,18 Oct 2025,Sold by private treaty,4,2,4,371,House,Domain,https://www.domain.com.au/244a-raglan-street-mosman-nsw-2088-2020195793
2020293492,29 Hale Road,Mosman,2088,4450000,17 Oct 2025,Sold prior to auction,4,3,4,417,House,Domain,https://www.domain.com.au/29-hale-road-mosman-nsw-2088-2020293492
2020410893,13 Cabban Street,Mosman,2088,7700000,15 Oct 2025,Sold prior to auction,5,4,2,790,House,Domain,https://www.domain.com.au/13-cabban-street-mosman-nsw-2088-2020410893
2020328226,6 Kirkoswald Avenue,Mosman,2088,6580000,15 Oct 2025,Sold by private treaty,4,3,2,,House,Domain,https://www.domain.com.au/6-kirkoswald-avenue-mosman-nsw-2088-2020328226
2020635348,3 Kirkoswald Avenue,Mosman,2088,50000000,13 Oct 2025,Sold by private treaty,6,9,3,,House,Domain,https://www.domain.com.au/3-kirkoswald-avenue-mosman-nsw-2088-2020635348
2020266622,3 Bayview Avenue,Mosman,2088,3888000,11 Oct 2025,Sold at auction,3,1,,,House,Domain,https://www.domain.com.au/3-bayview-avenue-mosman-nsw-2088-2020266622
2020256266,40 Stanley Avenue,Mosman,2088,20000000,09 Oct 2025,Sold by private treaty,5,5,2,920,House,Domain,https://www.domain.com.au/40-stanley-avenue-mosman-nsw-2088-2020256266
2020210340,10 Ryan Avenue,Mosman,2088,15500000,03 Oct 2025,Sold by private treaty,5,4,2,,House,Domain,https://www.domain.com.au/10-ryan-avenue-mosman-nsw-2088-2020210340
2019838978,30 Prince Albert Street,Mosman,2088,10500000,03 Oct 2025,Sold by private treaty,5,4,2,,House,Domain,https://www.domain.com.au/30-prince-albert-street-mosman-nsw-2088-2019838978
2020447865,45 Prince Albert Street,Mosman,2088,16000000,02 Oct 2025,Sold by private treaty,4,3,2,,House,Domain,https://www.domain.com.au/45-prince-albert-street-mosman-nsw-2088-2020447865
2020182356,49 Raglan Street,Mosman,2088,6300000,01 Oct 2025,Sold by private treaty,3,2,1,,House,Domain,https://www.domain.com.au/49-raglan-street-mosman-nsw-2088-2020182356
2020248350,17 Prince Street,Mosman,2088,6350000,30 Sep 2025,Sold at auction,5,3,2,,House,Domain,https://www.domain.com.au/17-prince-street-mosman-nsw-2088-2020248350
2020198064,10 Upper Avenue Road,Mosman,2088,5325000,29 Sep 2025,Sold prior to auction,4,3,2,637,House,Domain,https://www.domain.com.au/10-upper-avenue-road-mosman-nsw-2088-2020198064
2020209874,54 Holt Avenue,Mosman,2088,3900000,29 Sep 2025,Sold by private treaty,4,4,4,237,House,Domain,https://www.domain.com.au/54-holt-avenue-mosman-nsw-2088-2020209874
2020247614,35 Lang Street,Mosman,2088,5250000,27 Sep 2025,Sold at auction,5,3,1,468,House,Domain,https://www.domain.com.au/35-lang-street-mosman-nsw-2088-2020247614
2020231772,21 Beauty Point Road,Mosman,2088,5790000,25 Sep 2025,Sold at auction,5,3,3,638,House,Domain,https://www.domain.com.au/21-beauty-point-road-mosman-nsw-2088-2020231772
2020233477,28A Beaconsfield Road,Mosman,2088,13080000,23 Sep 2025,Sold prior to auction,5,5,3,900,House,Domain,https://www.domain.com.au/28a-beaconsfield-road-mosman-nsw-2088-2020233477
2020189851,34 Harbour Street,Mosman,2088,3400000,20 Sep 2025,Sold by private treaty,4,1,1,,House,Domain,https://www.domain.com.au/34-harbour-street-mosman-nsw-2088-2020189851
2020211917,16 Bay Street,Mosman,2088,7350000,20 Sep 2025,Sold by private treaty,5,4,3,806,House,Domain,https://www.domain.com.au/16-bay-street-mosman-nsw-2088-2020211917
2020229742,9 Melrose Street,Mosman,2088,3700000,19 Sep 2025,Sold prior to auction,3,3,1,250,House,Domain,https://www.domain.com.au/9-melrose-street-mosman-nsw-2088-2020229742
2020153162,17 Edwards Bay Road,Mosman,2088,7650000,19 Sep 2025,Sold at auction,4,3,2,684,House,Domain,https://www.domain.com.au/17-edwards-bay-road-mosman-nsw-2088-2020153162
2020246673,54 Awaba Street,Mosman,2088,2855000,18 Sep 2025,Sold prior to auction,3,1,2,,House,Domain,https://www.domain.com.au/54-awaba-street-mosman-nsw-2088-2020246673
2020198060,9A Cabban Street,Mosman,2088,5350000,13 Sep 2025,Sold at auction,4,3,4,716,House,Domain,https://www.domain.com.au/9a-cabban-street-mosman-nsw-2088-2020198060
2020213206,49 Wolseley Road,Mosman,2088,10050000,12 Sep 2025,Sold at auction,5,4,3,,House,Domain,https://www.domain.com.au/49-wolseley-road-mosman-nsw-2088-2020213206
2020243344,24 Dalton Road,Mosman,2088,3825000,11 Sep 2025,Sold prior to auction,3,2,1,249,House,Domain,https://www.domain.com.au/24-dalton-road-mosman-nsw-2088-2020243344
2020211828,7 St Elmo Street,Mosman,2088,18000000,11 Sep 2025,Sold prior to auction,5,3,4,1106,House,Domain,https://www.domain.com.au/7-st-elmo-street-mosman-nsw-2088-2020211828
2020229438,28 Killarney Street,Mosman,2088,3880000,11 Sep 2025,Sold prior to auction,3,2,3,493,House,Domain,https://www.domain.com.au/28-killarney-street-mosman-nsw-2088-2020229438
2020228360,2 Major Street,Mosman,2088,9875000,10 Sep 2025,Sold at auction,5,4,2,676,House,Domain,https://www.domain.com.au/2-major-street-mosman-nsw-2088-2020228360
2020176854,20 David Street,Mosman,2088,10268000,08 Sep 2025,Sold prior to auction,6,4,2,765,House,Domain,https://www.domain.com.au/20-david-street-mosman-nsw-2088-2020176854
2020229442,202B Raglan Street,Mosman,2088,6700000,04 Sep 2025,Sold prior to auction,3,2,2,333,House,Domain,https://www.domain.com.au/202b-raglan-street-mosman-nsw-2088-2020229442
2019857029,16 Clanalpine Street,Mosman,2088,12500000,03 Sep 2025,Sold by private treaty,5,4,2,1030,House,Domain,https://www.domain.com.au/16-clanalpine-street-mosman-nsw-2088-2019857029
2020208815,64 Spencer Road,Mosman,2088,6650000,03 Sep 2025,Sold prior to auction,5,3,1,509,House,Domain,https://www.domain.com.au/64-spencer-road-mosman-nsw-2088-2020208815
2020175448,27 Prince Street,Mosman,2088,3600000,30 Aug 2025,Sold at auction,3,1,1,300,House,Domain,https://www.domain.com.au/27-prince-street-mosman-nsw-2088-2020175448
2019862429,34A Gordon Street,Mosman,2088,13500000,29 Aug 2025,Sold by private treaty,5,3,2,885,House,Domain,https://www.domain.com.au/34a-gordon-street-mosman-nsw-2088-2019862429
2020174972,58 Shadforth Street,Mosman,2088,6200000,29 Aug 2025,Sold prior to auction,4,2,2,,House,Domain,https://www.domain.com.au/58-shadforth-street-mosman-nsw-2088-2020174972
2019777456,15 The Crescent,Mosman,2088,4280000,29 Aug 2025,Sold by private treaty,4,2,1,,House,Domain,https://www.domain.com.au/15-the-crescent-mosman-nsw-2088-2019777456
2020163151,109 Awaba Street,Mosman,2088,5600000,27 Aug 2025,Sold prior to auction,5,2,1,466,House,Domain,https://www.domain.com.au/109-awaba-street-mosman-nsw-2088-2020163151
2020180592,59 Rangers Avenue,Mosman,2088,3100000,25 Aug 2025,Sold prior to auction,3,2,1,227,House,Domain,https://www.domain.com.au/59-rangers-avenue-mosman-nsw-2088-2020180592
2020118703,3 Want Street,Mosman,2088,3325000,23 Aug 2025,Sold at auction,4,1,,,House,Domain,https://www.domain.com.au/3-want-street-mosman-nsw-2088-2020118703
2020163150,38 Cowles Road,Mosman,2088,3860000,21 Aug 2025,Sold prior to auction,3,1,1,339,House,Domain,https://www.domain.com.au/38-cowles-road-mosman-nsw-2088-2020163150
2019218716,14 Effingham Street,Mosman,2088,7500000,20 Aug 2025,Sold prior to auction,4,3,2,678,House,Domain,https://www.domain.com.au/14-effingham-street-mosman-nsw-2088-2019218716
2019958584,5 The Grove,Mosman,2088,11360000,16 Aug 2025,Sold prior to auction,4,3,4,660,House,Domain,https://www.domain.com.au/5-the-grove-mosman-nsw-2088-2019958584
2020152445,4 Oswald Street,Mosman,2088,5000000,15 Aug 2025,Sold at auction,4,2,2,607,House,Domain,https://www.domain.com.au/4-oswald-street-mosman-nsw-2088-2020152445
2020184517,12 Rangers Avenue,Mosman,2088,3105000,12 Aug 2025,Sold at auction,3,1,,238,House,Domain,https://www.domain.com.au/12-rangers-avenue-mosman-nsw-2088-2020184517
2020113646,46 Royalist Road,Mosman,2088,5700000,09 Aug 2025,Sold at auction,5,3,2,,House,Domain,https://www.domain.com.au/46-royalist-road-mosman-nsw-2088-2020113646
2020143449,8 Killarney Street,Mosman,2088,4600000,08 Aug 2025,Sold prior to auction,4,2,1,,House,Domain,https://www.domain.com.au/8-killarney-street-mosman-nsw-2088-2020143449
2019641081,16 Upper Spit Road,Mosman,2088,6050000,02 Aug 2025,Sold by private treaty,5,5,2,,House,Domain,https://www.domain.com.au/16-upper-spit-road-mosman-nsw-2088-2019641081
2020148117,48 Holt Avenue,Mosman,2088,5125000,31 Jul 2025,Sold prior to auction,3,2,1,,House,Domain,https://www.domain.com.au/48-holt-avenue-mosman-nsw-2088-2020148117
2019948242,15 Brierley Street,Mosman,2088,5000000,18 Jul 2025,Sold by private treaty,5,3,1,,House,Domain,https://www.domain.com.au/15-brierley-street-mosman-nsw-2088-2019948242
2020105385,66 Cabramatta Road,Mosman,2088,5600000,30 Jun 2025,Sold by private treaty,4,2,1,474,House,Domain,https://www.domain.com.au/66-cabramatta-road-mosman-nsw-2088-2020105385
2019993009,34 Euryalus Street,Mosman,2088,7300000,19 Jun 2025,Sold at auction,4,2,2,743,House,Domain,https://www.domain.com.au/34-euryalus-street-mosman-nsw-2088-2019993009
2019758870,47 Belmont Road,Mosman,2088,7400000,13 Jun 2025,Sold by private treaty,4,3,2,524,House,Domain,https://www.domain.com.au/47-belmont-road-mosman-nsw-2088-2019758870
2019843950,37 Carrington Avenue,Mosman,2088,21500000,12 Jun 2025,Sold by private treaty,5,4,2,,House,Domain,https://www.domain.com.au/37-carrington-avenue-mosman-nsw-2088-2019843950
2019957847,20 Awaba Street,Mosman,2088,8050000,07 Jun 2025,Sold by private treaty,4,3,2,405,House,Domain,https://www.domain.com.au/20-awaba-street-mosman-nsw-2088-2019957847
2020009730,67 Raglan Street,Mosman,2088,9650000,06 Jun 2025,Sold prior to auction,5,3,2,904,House,Domain,https://www.domain.com.au/67-raglan-street-mosman-nsw-2088-2020009730
2019840298,217 Raglan Street,Mosman,2088,9150000,06 Jun 2025,Sold by private treaty,6,3,3,660,House,Domain,https://www.domain.com.au/217-raglan-street-mosman-nsw-2088-2019840298
2019977858,18 Pindari Avenue,Mosman,2088,7100000,05 Jun 2025,Sold at auction,6,3,4,711,House,Domain,https://www.domain.com.au/18-pindari-avenue-mosman-nsw-2088-2019977858
2019073143,54 Belmont Road,Mosman,2088,2650000,31 May 2025,Sold prior to auction,3,1,,209,House,Domain,https://www.domain.com.au/54-belmont-road-mosman-nsw-2088-2019073143
2019877357,12 Harbour Street,Mosman,2088,5400000,30 May 2025,Sold by private treaty,3,1,,492,House,Domain,https://www.domain.com.au/12-harbour-street-mosman-nsw-2088-2019877357
2019754901,36 Cabramatta Road,Mosman,2088,2800000,29 May 2025,Sold at auction,3,2,1,258,House,Domain,https://www.domain.com.au/36-cabramatta-road-mosman-nsw-2088-2019754901
2019976873,5 Keston Avenue,Mosman,2088,4400000,28 May 2025,Sold prior to auction,3,1,1,339,House,Domain,https://www.domain.com.au/5-keston-avenue-mosman-nsw-2088-2019976873
2019993875,3 Kahibah Road,Mosman,2088,7100000,28 May 2025,Sold prior to auction,5,2,2,524,House,Domain,https://www.domain.com.au/3-kahibah-road-mosman-nsw-2088-2019993875
2019776072,4 Buena Vista Avenue,Mosman,2088,19500000,26 May 2025,Sold by private treaty,6,3,2,1891,House,Domain,https://www.domain.com.au/4-buena-vista-avenue-mosman-nsw-2088-2019776072
2019994259,57 Mandolong Road,Mosman,2088,8200000,23 May 2025,Sold prior to auction,4,3,2,659,House,Domain,https://www.domain.com.au/57-mandolong-road-mosman-nsw-2088-2019994259
2019977463,6A Prince Street,Mosman,2088,3650000,23 May 2025,Sold prior to auction,3,2,2,256,House,Domain,https://www.domain.com.au/6a-prince-street-mosman-nsw-2088-2019977463
2020015070,77 Macpherson Street,Mosman,2088,5500000,23 May 2025,Sold by private treaty,5,3,3,,House,Domain,https://www.domain.com.au/77-macpherson-street-mosman-nsw-2088-2020015070
2019960816,5 Tivoli Street,Mosman,2088,4205000,23 May 2025,Sold at auction,3,2,,368,House,Domain,https://www.domain.com.au/5-tivoli-street-mosman-nsw-2088-2019960816
2019776936,2 Edwards Bay Road,Mosman,2088,12400000,22 May 2025,Sold by private treaty,4,5,2,,House,Domain,https://www.domain.com.au/2-edwards-bay-road-mosman-nsw-2088-2019776936
2019402281,75 Awaba Street,Mosman,2088,4000000,21 May 2025,Sold by private treaty,5,4,1,,House,Domain,https://www.domain.com.au/75-awaba-street-mosman-nsw-2088-2019402281
2019998290,5 Whiting Beach Road,Mosman,2088,7850000,20 May 2025,Sold prior to auction,5,2,6,708,House,Domain,https://www.domain.com.au/5-whiting-beach-road-mosman-nsw-2088-2019998290
2019976864,3 Bardwell Road,Mosman,2088,4075000,17 May 2025,Sold prior to auction,3,2,2,,House,Domain,https://www.domain.com.au/3-bardwell-road-mosman-nsw-2088-2019976864
2019963056,44A Bond Street,Mosman,2088,3950000,16 May 2025,Sold at auction,3,2,1,,House,Domain,https://www.domain.com.au/44a-bond-street-mosman-nsw-2088-2019963056
2019920524,72 Holt Avenue,Mosman,2088,5375000,14 May 2025,Sold prior to auction,5,3,,,House,Domain,https://www.domain.com.au/72-holt-avenue-mosman-nsw-2088-2019920524
2019569605,5 Superba Parade,Mosman,2088,12000000,12 May 2025,Sold by private treaty,5,4,2,563,House,Domain,https://www.domain.com.au/5-superba-parade-mosman-nsw-2088-2019569605
2019913269,3 Simpson Street,Mosman,2088,4671000,03 May 2025,Sold at auction,3,1,1,,House,Domain,https://www.domain.com.au/3-simpson-street-mosman-nsw-2088-2019913269
2019861260,8 Superba Parade,Mosman,2088,14950000,02 May 2025,Sold by private treaty,4,4,2,,House,Domain,https://www.domain.com.au/8-superba-parade-mosman-nsw-2088-2019861260
2019776277,11 Pindari Avenue,Mosman,2088,5111000,24 Apr 2025,Sold by private treaty,3,3,2,700,House,Domain,https://www.domain.com.au/11-pindari-avenue-mosman-nsw-2088-2019776277
2019568853,23 The Grove,Mosman,2088,9500000,24 Apr 2025,Sold by private treaty,5,4,2,712,House,Domain,https://www.domain.com.au/23-the-grove-mosman-nsw-2088-2019568853
2019953921,40 Belmont Road,Mosman,2088,7350000,17 Apr 2025,Sold by private treaty,4,4,4,607,House,Domain,https://www.domain.com.au/40-belmont-road-mosman-nsw-2088-2019953921
2019873022,56 Rangers Avenue,Mosman,2088,3860000,11 Apr 2025,Sold by private treaty,4,2,1,221,House,Domain,https://www.domain.com.au/56-rangers-avenue-mosman-nsw-2088-2019873022
2019871974,9 Union Street,Mosman,2088,5810000,10 Apr 2025,Sold at auction,4,1,,581,House,Domain,https://www.domain.com.au/9-union-street-mosman-nsw-2088-2019871974
2019863110,3 Pearl Bay Avenue,Mosman,2088,10800000,08 Apr 2025,Sold prior to auction,5,4,2,690,House,Domain,https://www.domain.com.au/3-pearl-bay-avenue-mosman-nsw-2088-2019863110
2019771277,15 Reginald Street,Mosman,2088,4600000,07 Apr 2025,Sold by private treaty,4,3,1,,House,Domain,https://www.domain.com.au/15-reginald-street-mosman-nsw-2088-2019771277
2019550976,99 Muston Street,Mosman,2088,14600000,06 Apr 2025,Sold by private treaty,5,4,4,683,House,Domain,https://www.domain.com.au/99-muston-street-mosman-nsw-2088-2019550976
2019821799,59 Spofforth Street,Mosman,2088,4100000,04 Apr 2025,Sold by private treaty,4,2,1,353,House,Domain,https://www.domain.com.au/59-spofforth-street-mosman-nsw-2088-2019821799
2019914165,3 Stanley Avenue,Mosman,2088,14000000,03 Apr 2025,Sold by private treaty,4,3,2,619,House,Domain,https://www.domain.com.au/3-stanley-avenue-mosman-nsw-2088-2019914165
2019790873,38 Euryalus Street,Mosman,2088,7720000,03 Apr 2025,Sold by private treaty,5,4,3,743,House,Domain,https://www.domain.com.au/38-euryalus-street-mosman-nsw-2088-2019790873
2019878734,102 Holt Avenue,Mosman,2088,3950000,02 Apr 2025,Sold prior to auction,4,2,1,,House,Domain,https://www.domain.com.au/102-holt-avenue-mosman-nsw-2088-2019878734
2019750992,14 Amaroo Crescent,Mosman,2088,8950000,02 Apr 2025,Sold by private treaty,4,3,4,500,House,Domain,https://www.domain.com.au/14-amaroo-crescent-mosman-nsw-2088-2019750992
2019792848,87 Spencer Road,Mosman,2088,5450000,01 Apr 2025,Sold by private treaty,4,2,1,498,House,Domain,https://www.domain.com.au/87-spencer-road-mosman-nsw-2088-2019792848
2019761522,49 Rangers Avenue,Mosman,2088,4800000,01 Apr 2025,Sold by private treaty,5,3,2,451,House,Domain,https://www.domain.com.au/49-rangers-avenue-mosman-nsw-2088-2019761522
2020595476,13 Stanley Avenue,Mosman,2088,16100000,29 Mar 2025,Sold at auction,3,1,1,743,House,Domain,https://www.domain.com.au/13-stanley-avenue-mosman-nsw-2088-2020595476
2019825584,2 Oswald Street,Mosman,2088,8000000,27 Mar 2025,Sold at auction,5,3,2,689,House,Domain,https://www.domain.com.au/2-oswald-street-mosman-nsw-2088-2019825584
2019877537,34A Cabramatta Road,Mosman,2088,3800000,26 Mar 2025,Sold prior to auction,3,2,2,,House,Domain,https://www.domain.com.au/34a-cabramatta-road-mosman-nsw-2088-2019877537
2019801595,40 Central Avenue,Mosman,2088,9000000,26 Mar 2025,Sold by private treaty,5,5,2,582,House,Domain,https://www.domain.com.au/40-central-avenue-mosman-nsw-2088-2019801595
2019872408,1 Mulbring Street,Mosman,2088,6330000,25 Mar 2025,Sold prior to auction,4,2,1,,House,Domain,https://www.domain.com.au/1-mulbring-street-mosman-nsw-2088-2019872408
2019829575,7 Gordon Street,Mosman,2088,3305000,22 Mar 2025,Sold at auction,2,1,,243,House,Domain,https://www.domain.com.au/7-gordon-street-mosman-nsw-2088-2019829575
2019820928,105 Spencer Road,Mosman,2088,5150000,21 Mar 2025,Sold prior to auction,4,3,2,494,House,Domain,https://www.domain.com.au/105-spencer-road-mosman-nsw-2088-2019820928
2019956361,41 Redan Street,Mosman,2088,12889000,21 Mar 2025,Sold by private treaty,4,3,2,,House,Domain,https://www.domain.com.au/41-redan-street-mosman-nsw-2088-2019956361
2019806068,36 Hopetoun Avenue,Mosman,2088,12350000,20 Mar 2025,Sold prior to auction,4,4,1,687,House,Domain,https://www.domain.com.au/36-hopetoun-avenue-mosman-nsw-2088-2019806068
2019638764,14 Stanton Road,Mosman,2088,19000000,18 Mar 2025,Sold by private treaty,5,4,3,,House,Domain,https://www.domain.com.au/14-stanton-road-mosman-nsw-2088-2019638764
2019809694,120 Holt Avenue,Mosman,2088,4090000,15 Mar 2025,Sold at auction,4,1,2,460,House,Domain,https://www.domain.com.au/120-holt-avenue-mosman-nsw-2088-2019809694
2019792670,19 Clanalpine Street,Mosman,2088,7100000,15 Mar 2025,Sold at auction,3,1,,752,House,Domain,https://www.domain.com.au/19-clanalpine-street-mosman-nsw-2088-2019792670
2019771523,5 Kallaroo Street,Mosman,2088,9600000,15 Mar 2025,Sold at auction,6,4,2,986,House,Domain,https://www.domain.com.au/5-kallaroo-street-mosman-nsw-2088-2019771523
2019566244,40 Pearl Bay Avenue,Mosman,2088,5750000,14 Mar 2025,Sold by private treaty,4,2,2,586,House,Domain,https://www.domain.com.au/40-pearl-bay-avenue-mosman-nsw-2088-2019566244
2019809695,33 Reginald Street,Mosman,2088,3100000,11 Mar 2025,Sold prior to auction,4,2,,,House,Domain,https://www.domain.com.au/33-reginald-street-mosman-nsw-2088-2019809695
2019789674,8 Prince Albert Street,Mosman,2088,12915000,07 Mar 2025,Sold prior to auction,6,4,4,1114,House,Domain,https://www.domain.com.au/8-prince-albert-street-mosman-nsw-2088-2019789674
2019584714,25 Boyle Street,Mosman,2088,6000000,07 Mar 2025,Sold by private treaty,5,3,2,,House,Domain,https://www.domain.com.au/25-boyle-street-mosman-nsw-2088-2019584714
2019775175,7 David Street,Mosman,2088,9600000,05 Mar 2025,Sold prior to auction,4,4,2,1079,House,Domain,https://www.domain.com.au/7-david-street-mosman-nsw-2088-2019775175
2019572093,12 Hunter Road,Mosman,2088,9500000,05 Mar 2025,Sold by private treaty,4,3,3,,House,Domain,https://www.domain.com.au/12-hunter-road-mosman-nsw-2088-2019572093
2019413358,12 Stanton Road,Mosman,2088,7700000,26 Feb 2025,Sold prior to auction,5,5,2,689,House,Domain,https://www.domain.com.au/12-stanton-road-mosman-nsw-2088-2019413358
2019776273,9 Tivoli Street,Mosman,2088,7407000,26 Feb 2025,Sold at auction,5,3,2,766,House,Domain,https://www.domain.com.au/9-tivoli-street-mosman-nsw-2088-2019776273
2019737549,22 Wunda Road,Mosman,2088,8700000,25 Feb 2025,Sold by private treaty,4,3,2,556,House,Domain,https://www.domain.com.au/22-wunda-road-mosman-nsw-2088-2019737549
2019599090,24 Plunkett Road,Mosman,2088,25500000,25 Feb 2025,Sold prior to auction,5,6,4,911,House,Domain,https://www.domain.com.au/24-plunkett-road-mosman-nsw-2088-2019599090
2019750496,26 Ida Avenue,Mosman,2088,6420000,22 Feb 2025,Sold at auction,5,3,2,,House,Domain,https://www.domain.com.au/26-ida-avenue-mosman-nsw-2088-2019750496
2018377233,2 James Street,Mosman,2088,12200000,21 Feb 2025,Sold by private treaty,6,2,2,2795,House,Domain,https://www.domain.com.au/2-james-street-mosman-nsw-2088-2018377233
2019757087,76 Cabramatta Road,Mosman,2088,4350000,21 Feb 2025,Sold prior to auction,4,4,1,240,House,Domain,https://www.domain.com.au/76-cabramatta-road-mosman-nsw-2088-2019757087
2019761644,14 Belmont Road,Mosman,2088,8000000,20 Feb 2025,Sold prior to auction,6,2,4,897,House,Domain,https://www.domain.com.au/14-belmont-road-mosman-nsw-2088-2019761644
2019751859,10 Noble Street,Mosman,2088,5300000,20 Feb 2025,Sold prior to auction,5,2,1,519,House,Domain,https://www.domain.com.au/10-noble-street-mosman-nsw-2088-2019751859
2019754397,22 Wolger Road,Mosman,2088,5125000,20 Feb 2025,Sold prior to auction,4,2,2,,House,Domain,https://www.domain.com.au/22-wolger-road-mosman-nsw-2088-2019754397
2019731072,37 Bond Street,Mosman,2088,3820000,14 Feb 2025,Sold prior to auction,4,3,2,349,House,Domain,https://www.domain.com.au/37-bond-street-mosman-nsw-2088-2019731072
2019667030,5 Thompson Street,Mosman,2088,10600000,12 Feb 2025,Sold prior to auction,5,2,3,,House,Domain,https://www.domain.com.au/5-thompson-street-mosman-nsw-2088-2019667030
2019567669,30 Thompson Street,Mosman,2088,7200000,11 Feb 2025,Sold prior to auction,4,2,1,668,House,Domain,https://www.domain.com.au/30-thompson-street-mosman-nsw-2088-2019567669
2019420470,20 Burrawong Avenue,Mosman,2088,9000000,06 Feb 2025,Sold by private treaty,4,3,2,536,House,Domain,https://www.domain.com.au/20-burrawong-avenue-mosman-nsw-2088-2019420470
2019744384,7 Ryrie Street,Mosman,2088,4000000,05 Feb 2025,Sold at auction,3,2,1,641,House,Domain,https://www.domain.com.au/7-ryrie-street-mosman-nsw-2088-2019744384
2019583413,14 Medusa Street,Mosman,2088,6550000,03 Feb 2025,Sold prior to auction,4,2,8,1163,House,Domain,https://www.domain.com.au/14-medusa-street-mosman-nsw-2088-2019583413
2019714426,106 Avenue Road,Mosman,2088,3550000,17 Jan 2025,Sold prior to auction,3,1,,254,House,Domain,https://www.domain.com.au/106-avenue-road-mosman-nsw-2088-2019714426
2019724462,3 Little Street,Mosman,2088,14750000,24 Dec 2024,Sold by private treaty,5,3,2,1207,House,Domain,https://www.domain.com.au/3-little-street-mosman-nsw-2088-2019724462
2019818118,1 Hunter Road,Mosman,2088,11000000,20 Dec 2024,Sold by private treaty,6,4,1,,House,Domain,https://www.domain.com.au/1-hunter-road-mosman-nsw-2088-2019818118
2019655729,117 Belmont Road,Mosman,2088,5000000,14 Dec 2024,Sold prior to auction,5,3,1,503,House,Domain,https://www.domain.com.au/117-belmont-road-mosman-nsw-2088-2019655729
2019462002,6 Milner Street,Mosman,2088,8000000,14 Dec 2024,Sold at auction,5,3,2,695,House,Domain,https://www.domain.com.au/6-milner-street-mosman-nsw-2088-2019462002
2019620965,18 Cowles Road,Mosman,2088,3525000,13 Dec 2024,Sold by private treaty,3,1,2,325,House,Domain,https://www.domain.com.au/18-cowles-road-mosman-nsw-2088-2019620965
2019687897,43 Belmont Road,Mosman,2088,6100000,12 Dec 2024,Sold by private treaty,3,2,2,889,House,Domain,https://www.domain.com.au/43-belmont-road-mosman-nsw-2088-2019687897
2019570071,11 Shadforth Street,Mosman,2088,4270000,12 Dec 2024,Sold by private treaty,4,2,1,322,House,Domain,https://www.domain.com.au/11-shadforth-street-mosman-nsw-2088-2019570071
2019573824,6 Delecta Avenue,Mosman,2088,8732500,11 Dec 2024,Sold by private treaty,5,4,2,638,House,Domain,https://www.domain.com.au/6-delecta-avenue-mosman-nsw-2088-2019573824
2019638179,47B Raglan Street,Mosman,2088,5875000,10 Dec 2024,Sold prior to auction,5,3,2,946,House,Domain,https://www.domain.com.au/47b-raglan-street-mosman-nsw-2088-2019638179
2019568800,21 Orlando Avenue,Mosman,2088,4850000,06 Dec 2024,Sold by private treaty,5,3,,491,House,Domain,https://www.domain.com.au/21-orlando-avenue-mosman-nsw-2088-2019568800
2019583008,3 Buena Vista Avenue,Mosman,2088,6410000,04 Dec 2024,Sold by private treaty,5,2,2,663,House,Domain,https://www.domain.com.au/3-buena-vista-avenue-mosman-nsw-2088-2019583008
2019611954,28 Mandolong Road,Mosman,2088,8610000,02 Dec 2024,Sold prior to auction,5,4,4,720,House,Domain,https://www.domain.com.au/28-mandolong-road-mosman-nsw-2088-2019611954
2019604259,21 Parriwi Road,Mosman,2088,16400000,29 Nov 2024,Sold prior to auction,6,5,3,1179,House,Domain,https://www.domain.com.au/21-parriwi-road-mosman-nsw-2088-2019604259
2019606602,51 Awaba Street,Mosman,2088,3700000,27 Nov 2024,Sold prior to auction,4,2,,,House,Domain,https://www.domain.com.au/51-awaba-street-mosman-nsw-2088-2019606602
2019601307,172 Raglan Street,Mosman,2088,4110000,26 Nov 2024,Sold prior to auction,4,2,,252,House,Domain,https://www.domain.com.au/172-raglan-street-mosman-nsw-2088-2019601307
2019592258,55 Holt Avenue,Mosman,2088,4810000,23 Nov 2024,Sold at auction,3,1,1,455,House,Domain,https://www.domain.com.au/55-holt-avenue-mosman-nsw-2088-2019592258
2019622407,18 Shadforth Street,Mosman,2088,6600000,22 Nov 2024,Sold prior to auction,5,3,3,,House,Domain,https://www.domain.com.au/18-shadforth-street-mosman-nsw-2088-2019622407
2019583951,76 Ourimbah Road,Mosman,2088,3400000,22 Nov 2024,Sold by private treaty,3,2,2,569,House,Domain,https://www.domain.com.au/76-ourimbah-road-mosman-nsw-2088-2019583951
2019584883,52B Parriwi Road,Mosman,2088,8875000,21 Nov 2024,Sold prior to auction,4,3,3,797,House,Domain,https://www.domain.com.au/52b-parriwi-road-mosman-nsw-2088-2019584883
2019584071,16 Want Street,Mosman,2088,3990000,21 Nov 2024,Sold at auction,3,2,2,246,House,Domain,https://www.domain.com.au/16-want-street-mosman-nsw-2088-2019584071
2019644622,24 Harbour Street,Mosman,2088,8200000,16 Nov 2024,Sold by private treaty,4,3,1,,House,Domain,https://www.domain.com.au/24-harbour-street-mosman-nsw-2088-2019644622
2019607882,26 Morella Road,Mosman,2088,19500000,15 Nov 2024,Sold prior to auction,6,4,4,1672,House,Domain,https://www.domain.com.au/26-morella-road-mosman-nsw-2088-2019607882
2019550615,3 The Crescent,Mosman,2088,6000000,14 Nov 2024,Sold prior to auction,5,3,2,,House,Domain,https://www.domain.com.au/3-the-crescent-mosman-nsw-2088-2019550615
2019563378,1 James Street,Mosman,2088,12875000,14 Nov 2024,Sold at auction,6,6,6,1451,House,Domain,https://www.domain.com.au/1-james-street-mosman-nsw-2088-2019563378
2019552301,13 Prince Albert Street,Mosman,2088,15000000,13 Nov 2024,Sold by private treaty,6,5,3,1254,House,Domain,https://www.domain.com.au/13-prince-albert-street-mosman-nsw-2088-2019552301
2019473907,33 Gordon Street,Mosman,2088,7100000,13 Nov 2024,Sold by private treaty,6,3,2,575,House,Domain,https://www.domain.com.au/33-gordon-street-mosman-nsw-2088-2019473907
2019551524,43 Medusa Street,Mosman,2088,4908000,09 Nov 2024,Sold at auction,4,2,2,680,House,Domain,https://www.domain.com.au/43-medusa-street-mosman-nsw-2088-2019551524
2019564308,43 Lang Street,Mosman,2088,3600000,09 Nov 2024,Sold at auction,3,2,1,328,House,Domain,https://www.domain.com.au/43-lang-street-mosman-nsw-2088-2019564308
2019685986,135 Raglan Street,Mosman,2088,7900000,06 Nov 2024,Sold by private treaty,4,3,1,397,House,Domain,https://www.domain.com.au/135-raglan-street-mosman-nsw-2088-2019685986
2019549110,15 Melrose Street,Mosman,2088,3300000,06 Nov 2024,Sold prior to auction,3,1,1,265,House,Domain,https://www.domain.com.au/15-melrose-street-mosman-nsw-2088-2019549110
2019423177,8 Raglan Street,Mosman,2088,9200000,05 Nov 2024,Sold at auction,4,5,2,500,House,Domain,https://www.domain.com.au/8-raglan-street-mosman-nsw-2088-2019423177
2019515685,6 Upper Avenue Road,Mosman,2088,3970000,05 Nov 2024,Sold by private treaty,4,3,2,,House,Domain,https://www.domain.com.au/6-upper-avenue-road-mosman-nsw-2088-2019515685
2019437221,18 Beauty Point Road,Mosman,2088,9550000,01 Nov 2024,Sold by private treaty,4,3,2,,House,Domain,https://www.domain.com.au/18-beauty-point-road-mosman-nsw-2088-2019437221
2019564457,37 Upper Avenue Road,Mosman,2088,4500000,01 Nov 2024,Sold prior to auction,4,2,1,,House,Domain,https://www.domain.com.au/37-upper-avenue-road-mosman-nsw-2088-2019564457
2019192365,9 Musgrave Street,Mosman,2088,16000000,01 Nov 2024,Sold by private treaty,6,4,4,790,House,Domain,https://www.domain.com.au/9-musgrave-street-mosman-nsw-2088-2019192365
2019521985,20 Carrington Avenue,Mosman,2088,5800000,26 Oct 2024,Sold at auction,4,3,2,582,House,Domain,https://www.domain.com.au/20-carrington-avenue-mosman-nsw-2088-2019521985
2019595357,75 Spencer Road,Mosman,2088,7950000,25 Oct 2024,Sold by private treaty,5,3,2,479,House,Domain,https://www.domain.com.au/75-spencer-road-mosman-nsw-2088-2019595357
2019474277,68 Spencer Road,Mosman,2088,6000000,24 Oct 2024,Sold by private treaty,5,3,1,463,House,Domain,https://www.domain.com.au/68-spencer-road-mosman-nsw-2088-2019474277
2019581764,42 Shadforth Street,Mosman,2088,5900000,22 Oct 2024,Sold by private treaty,5,3,1,386,House,Domain,https://www.domain.com.au/42-shadforth-street-mosman-nsw-2088-2019581764
2019514706,19 Ourimbah Road,Mosman,2088,2820000,18 Oct 2024,Sold prior to auction,3,2,1,,House,Domain,https://www.domain.com.au/19-ourimbah-road-mosman-nsw-2088-2019514706
2019485723,61 Bond Street,Mosman,2088,5310000,12 Oct 2024,Sold at auction,5,2,,416,House,Domain,https://www.domain.com.au/61-bond-street-mosman-nsw-2088-2019485723
2019504898,41 Bradleys Head Road,Mosman,2088,9250000,04 Oct 2024,Sold prior to auction,4,4,3,803,House,Domain,https://www.domain.com.au/41-bradleys-head-road-mosman-nsw-2088-2019504898
2019532145,32 Prince Street,Mosman,2088,4480000,02 Oct 2024,Sold at auction,4,3,1,373,House,Domain,https://www.domain.com.au/32-prince-street-mosman-nsw-2088-2019532145
2019485394,14 Mulbring Street,Mosman,2088,6650000,01 Oct 2024,Sold at auction,5,3,1,664,House,Domain,https://www.domain.com.au/14-mulbring-street-mosman-nsw-2088-2019485394
2019472287,167 Ourimbah Road,Mosman,2088,3205000,28 Sep 2024,Sold at auction,3,2,2,,House,Domain,https://www.domain.com.au/167-ourimbah-road-mosman-nsw-2088-2019472287
2019458301,15 Silex Road,Mosman,2088,8375000,28 Sep 2024,Sold at auction,5,3,2,923,House,Domain,https://www.domain.com.au/15-silex-road-mosman-nsw-2088-2019458301
2019459113,14 Sirius Cove Road,Mosman,2088,4400000,28 Sep 2024,Sold at auction,3,1,1,502,House,Domain,https://www.domain.com.au/14-sirius-cove-road-mosman-nsw-2088-2019459113
2019473885,3 The Grove,Mosman,2088,6525000,25 Sep 2024,Sold prior to auction,3,3,2,402,House,Domain,https://www.domain.com.au/3-the-grove-mosman-nsw-2088-2019473885
2019294331,5 Morella Road,Mosman,2088,8600000,24 Sep 2024,Sold by private treaty,4,2,1,891,House,Domain,https://www.domain.com.au/5-morella-road-mosman-nsw-2088-2019294331
2019517288,27 Muston Street,Mosman,2088,6800000,22 Sep 2024,Sold by private treaty,4,1,1,,House,Domain,https://www.domain.com.au/27-muston-street-mosman-nsw-2088-2019517288
2019369144,2J Middle Head Road,Mosman,2088,7450000,18 Sep 2024,Sold at auction,4,3,2,,House,Domain,https://www.domain.com.au/2j-middle-head-road-mosman-nsw-2088-2019369144
2019457823,12 Koowong Avenue,Mosman,2088,5650000,18 Sep 2024,Sold at auction,4,3,2,645,House,Domain,https://www.domain.com.au/12-koowong-avenue-mosman-nsw-2088-2019457823
2019366258,2B Glover Street,Mosman,2088,4050000,14 Sep 2024,Sold prior to auction,4,2,2,312,House,Domain,https://www.domain.com.au/2b-glover-street-mosman-nsw-2088-2019366258
2019442412,2 Calypso Avenue,Mosman,2088,3285000,11 Sep 2024,Sold prior to auction,3,1,,384,House,Domain,https://www.domain.com.au/2-calypso-avenue-mosman-nsw-2088-2019442412
2019454961,15 Cabban Street,Mosman,2088,6700000,11 Sep 2024,Sold at auction,5,3,2,714,House,Domain,https://www.domain.com.au/15-cabban-street-mosman-nsw-2088-2019454961
2019427981,12 Wudgong Street,Mosman,2088,3300000,07 Sep 2024,Sold at auction,3,1,,274,House,Domain,https://www.domain.com.au/12-wudgong-street-mosman-nsw-2088-2019427981
2019422870,19 Beauty Point Road,Mosman,2088,8468000,07 Sep 2024,Sold at auction,4,3,2,675,House,Domain,https://www.domain.com.au/19-beauty-point-road-mosman-nsw-2088-2019422870
2019476470,27 Calypso Avenue,Mosman,2088,5900000,06 Sep 2024,Sold by private treaty,5,2,2,392,House,Domain,https://www.domain.com.au/27-calypso-avenue-mosman-nsw-2088-2019476470
2019457254,15 Royalist Road,Mosman,2088,3875000,06 Sep 2024,Sold prior to auction,4,2,2,227,House,Domain,https://www.domain.com.au/15-royalist-road-mosman-nsw-2088-2019457254
2019440173,30 Milner Street,Mosman,2088,3020000,06 Sep 2024,Sold prior to auction,4,2,,,House,Domain,https://www.domain.com.au/30-milner-street-mosman-nsw-2088-2019440173
2019394158,15 Burton Street,Mosman,2088,20200000,06 Sep 2024,Sold by private treaty,6,3,1,,House,Domain,https://www.domain.com.au/15-burton-street-mosman-nsw-2088-2019394158
2019455652,18 Orlando Avenue,Mosman,2088,6560000,04 Sep 2024,Sold prior to auction,5,2,2,442,House,Domain,https://www.domain.com.au/18-orlando-avenue-mosman-nsw-2088-2019455652
2019414437,61A Rangers Avenue,Mosman,2088,3800000,03 Sep 2024,Sold at auction,4,2,1,,House,Domain,https://www.domain.com.au/61a-rangers-avenue-mosman-nsw-2088-2019414437
2019437185,46 Parriwi Road,Mosman,2088,14250000,02 Sep 2024,Sold by private treaty,6,4,3,2006,House,Domain,https://www.domain.com.au/46-parriwi-road-mosman-nsw-2088-2019437185
2019414361,26 Wolger Road,Mosman,2088,4500000,02 Sep 2024,Sold prior to auction,4,2,1,,House,Domain,https://www.domain.com.au/26-wolger-road-mosman-nsw-2088-2019414361
2019426879,21 Wolger Road,Mosman,2088,4040000,31 Aug 2024,Sold by private treaty,4,2,1,351,House,Domain,https://www.domain.com.au/21-wolger-road-mosman-nsw-2088-2019426879
2019834553,20 Mosman Street,Mosman,2088,5500000,29 Aug 2024,Sold by private treaty,4,2,,,House,Domain,https://www.domain.com.au/20-mosman-street-mosman-nsw-2088-2019834553
2019396897,21 & 21A Everview Avenue,Mosman,2088,6750000,29 Aug 2024,Sold at auction,6,4,2,,House,Domain,https://www.domain.com.au/21-21a-everview-avenue-mosman-nsw-2088-2019396897
2019464141,38 Shadforth Street,Mosman,2088,5000000,28 Aug 2024,Sold by private treaty,4,2,2,381,House,Domain,https://www.domain.com.au/38-shadforth-street-mosman-nsw-2088-2019464141
2019394846,30a Redan Street,Mosman,2088,13500000,28 Aug 2024,Sold prior to auction,5,3,4,635,House,Domain,https://www.domain.com.au/30a-redan-street-mosman-nsw-2088-2019394846
2019384714,53 Countess Street,Mosman,2088,6100000,27 Aug 2024,Sold by private treaty,4,3,2,487,House,Domain,https://www.domain.com.au/53-countess-street-mosman-nsw-2088-2019384714
2019377902,89 Awaba Street,Mosman,2088,4700000,22 Aug 2024,Sold prior to auction,5,3,2,,House,Domain,https://www.domain.com.au/89-awaba-street-mosman-nsw-2088-2019377902
2019381858,77C Redan Lane,Mosman,2088,9300000,19 Aug 2024,Sold prior to auction,3,3,4,328,House,Domain,https://www.domain.com.au/77c-redan-lane-mosman-nsw-2088-2019381858
2019406420,10 Hunter Road,Mosman,2088,10500000,15 Aug 2024,Sold prior to auction,4,4,5,523,House,Domain,https://www.domain.com.au/10-hunter-road-mosman-nsw-2088-2019406420
2019384710,64 Prince Street,Mosman,2088,5100000,15 Aug 2024,Sold prior to auction,4,3,,516,House,Domain,https://www.domain.com.au/64-prince-street-mosman-nsw-2088-2019384710
2019372276,214 Spit Road,Mosman,2088,4000000,14 Aug 2024,Sold prior to auction,3,2,2,817,House,Domain,https://www.domain.com.au/214-spit-road-mosman-nsw-2088-2019372276
2019399481,9 Spencer Road,Mosman,2088,4100000,14 Aug 2024,Sold prior to auction,5,2,,,House,Domain,https://www.domain.com.au/9-spencer-road-mosman-nsw-2088-2019399481
2019392046,1095 Middle Head Road,Mosman,2088,9150000,14 Aug 2024,Sold by private treaty,5,3,2,689,House,Domain,https://www.domain.com.au/1095-middle-head-road-mosman-nsw-2088-2019392046
2019371927,81a Rangers Avenue,Mosman,2088,4100000,10 Aug 2024,Sold at auction,4,3,1,281,House,Domain,https://www.domain.com.au/81a-rangers-avenue-mosman-nsw-2088-2019371927
2019358232,133 Raglan Street,Mosman,2088,4600000,10 Aug 2024,Sold at auction,2,2,1,566,House,Domain,https://www.domain.com.au/133-raglan-street-mosman-nsw-2088-2019358232
2019373446,8 Simpson Street,Mosman,2088,5475000,10 Aug 2024,Sold by private treaty,3,1,1,471,House,Domain,https://www.domain.com.au/8-simpson-street-mosman-nsw-2088-2019373446
2019369263,25 Calypso Avenue,Mosman,2088,6000000,08 Aug 2024,Sold at auction,5,4,2,449,House,Domain,https://www.domain.com.au/25-calypso-avenue-mosman-nsw-2088-2019369263
2019344601,34 Lang Street,Mosman,2088,2435000,02 Aug 2024,Sold by private treaty,3,1,1,247,House,Domain,https://www.domain.com.au/34-lang-street-mosman-nsw-2088-2019344601
2019464716,25 Beauty Point Road,Mosman,2088,13500000,02 Aug 2024,Sold by private treaty,5,5,4,683,House,Domain,https://www.domain.com.au/25-beauty-point-road-mosman-nsw-2088-2019464716
2019411087,14 Noble Street,Mosman,2088,6000000,31 Jul 2024,Sold by private treaty,4,2,1,,House,Domain,https://www.domain.com.au/14-noble-street-mosman-nsw-2088-2019411087
2019390693,25 Wyong Road,Mosman,2088,9100000,27 Jul 2024,Sold by private treaty,5,4,3,942,House,Domain,https://www.domain.com.au/25-wyong-road-mosman-nsw-2088-2019390693
2019276988,2 Thompson Street,Mosman,2088,13400000,27 Jul 2024,Sold by private treaty,5,4,4,961,House,Domain,https://www.domain.com.au/2-thompson-street-mosman-nsw-2088-2019276988
2019072689,14A Musgrave Street,Mosman,2088,4650000,23 Jul 2024,Sold by private treaty,3,2,2,265,House,Domain,https://www.domain.com.au/14a-musgrave-street-mosman-nsw-2088-2019072689
2019320231,98 Raglan Street,Mosman,2088,4335000,17 Jul 2024,Sold at auction,4,1,1,,House,Domain,https://www.domain.com.au/98-raglan-street-mosman-nsw-2088-2019320231
2019332503,127 Avenue Road,Mosman,2088,3900000,16 Jul 2024,Sold by private treaty,3,2,1,341,House,Domain,https://www.domain.com.au/127-avenue-road-mosman-nsw-2088-2019332503
2019056176,1 Rose Crescent,Mosman,2088,11500000,16 Jul 2024,Sold prior to auction,5,4,3,435,House,Domain,https://www.domain.com.au/1-rose-crescent-mosman-nsw-2088-2019056176
2019352382,81 Holt Avenue,Mosman,2088,4325000,06 Jul 2024,Sold by private treaty,3,2,2,518,House,Domain,https://www.domain.com.au/81-holt-avenue-mosman-nsw-2088-2019352382
2019296256,20A Euryalus Street,Mosman,2088,4950000,05 Jul 2024,Sold by private treaty,4,2,3,558,House,Domain,https://www.domain.com.au/20a-euryalus-street-mosman-nsw-2088-2019296256
2019349163,2 Noble Street,Mosman,2088,6250000,05 Jul 2024,Sold by private treaty,4,3,1,474,House,Domain,https://www.domain.com.au/2-noble-street-mosman-nsw-2088-2019349163
2019199237,7 Melrose Street,Mosman,2088,2900000,02 Jul 2024,Sold by private treaty,3,2,1,,House,Domain,https://www.domain.com.au/7-melrose-street-mosman-nsw-2088-2019199237
2019295686,18 Wyong Road,Mosman,2088,5000000,02 Jul 2024,Sold prior to auction,4,3,2,,House,Domain,https://www.domain.com.au/18-wyong-road-mosman-nsw-2088-2019295686
2019308251,99 Shadforth Street,Mosman,2088,3100000,01 Jul 2024,Sold at auction,3,1,,264,House,Domain,https://www.domain.com.au/99-shadforth-street-mosman-nsw-2088-2019308251
2019292443,30 Lower Almora Street,Mosman,2088,10700000,27 Jun 2024,Sold prior to auction,5,3,5,555,House,Domain,https://www.domain.com.au/30-lower-almora-street-mosman-nsw-2088-2019292443
2019278372,39 Cabramatta Road,Mosman,2088,5875000,25 Jun 2024,Sold at auction,3,2,1,557,House,Domain,https://www.domain.com.au/39-cabramatta-road-mosman-nsw-2088-2019278372
2019277252,28 Upper Avenue Road,Mosman,2088,4200000,24 Jun 2024,Sold by private treaty,6,3,2,,House,Domain,https://www.domain.com.au/28-upper-avenue-road-mosman-nsw-2088-2019277252
2019258983,18 Inkerman Street,Mosman,2088,5010000,20 Jun 2024,Sold at auction,3,1,2,532,House,Domain,https://www.domain.com.au/18-inkerman-street-mosman-nsw-2088-2019258983
2019217809,54 Ourimbah Road,Mosman,2088,3290000,18 Jun 2024,Sold prior to auction,4,3,2,278,House,Domain,https://www.domain.com.au/54-ourimbah-road-mosman-nsw-2088-2019217809
2019249169,17 Wudgong Street,Mosman,2088,4200000,15 Jun 2024,Sold at auction,4,2,2,457,House,Domain,https://www.domain.com.au/17-wudgong-street-mosman-nsw-2088-2019249169
2019188180,32 Central Avenue,Mosman,2088,6750000,14 Jun 2024,Sold by private treaty,4,3,4,765,House,Domain,https://www.domain.com.au/32-central-avenue-mosman-nsw-2088-2019188180
2019274161,8 Cabramatta Road,Mosman,2088,5100000,13 Jun 2024,Sold prior to auction,4,2,1,335,House,Domain,https://www.domain.com.au/8-cabramatta-road-mosman-nsw-2088-2019274161
2019182266,193 Raglan Street,Mosman,2088,6600000,12 Jun 2024,Sold by private treaty,4,1,2,,House,Domain,https://www.domain.com.au/193-raglan-street-mosman-nsw-2088-2019182266
2019257748,63 Glover Street,Mosman,2088,4075000,07 Jun 2024,Sold at auction,4,2,,,House,Domain,https://www.domain.com.au/63-glover-street-mosman-nsw-2088-2019257748
2019102804,10 Holt Avenue,Mosman,2088,3000000,06 Jun 2024,Sold by private treaty,3,2,,,House,Domain,https://www.domain.com.au/10-holt-avenue-mosman-nsw-2088-2019102804
2019277664,35 Holt Avenue,Mosman,2088,6500000,04 Jun 2024,Sold prior to auction,4,3,1,405,House,Domain,https://www.domain.com.au/35-holt-avenue-mosman-nsw-2088-2019277664
2019075417,9 St Elmo Street,Mosman,2088,6870000,03 Jun 2024,Sold by private treaty,4,1,2,740,House,Domain,https://www.domain.com.au/9-st-elmo-street-mosman-nsw-2088-2019075417
2019218797,18 Kirkoswald Avenue,Mosman,2088,10250000,01 Jun 2024,Sold at auction,6,3,2,811,House,Domain,https://www.domain.com.au/18-kirkoswald-avenue-mosman-nsw-2088-2019218797
2019204089,28 Ida Avenue,Mosman,2088,6360000,01 Jun 2024,Sold at auction,4,3,2,753,House,Domain,https://www.domain.com.au/28-ida-avenue-mosman-nsw-2088-2019204089
2019216669,57 Moruben Road,Mosman,2088,12050000,28 May 2024,Sold prior to auction,5,4,2,644,House,Domain,https://www.domain.com.au/57-moruben-road-mosman-nsw-2088-2019216669
2019218260,80 Spencer Road,Mosman,2088,5725000,28 May 2024,Sold prior to auction,5,3,2,455,House,Domain,https://www.domain.com.au/80-spencer-road-mosman-nsw-2088-2019218260
2019231454,22 Congewoi Road,Mosman,2088,8000000,27 May 2024,Sold at auction,5,3,2,842,House,Domain,https://www.domain.com.au/22-congewoi-road-mosman-nsw-2088-2019231454
2019973200,43 Prince Albert Street,Mosman,2088,15000000,27 May 2024,Sold by private treaty,5,3,2,880,House,Domain,https://www.domain.com.au/43-prince-albert-street-mosman-nsw-2088-2019973200
2019217812,1 Spencer Road,Mosman,2088,5500000,25 May 2024,Sold at auction,6,3,2,468,House,Domain,https://www.domain.com.au/1-spencer-road-mosman-nsw-2088-2019217812
2019019476,89 Bay Street,Mosman,2088,7600000,24 May 2024,Sold by private treaty,5,2,1,,House,Domain,https://www.domain.com.au/89-bay-street-mosman-nsw-2088-2019019476
2019266283,23 Parriwi Road,Mosman,2088,11520000,23 May 2024,Sold by private treaty,5,3,2,,House,Domain,https://www.domain.com.au/23-parriwi-road-mosman-nsw-2088-2019266283
2019209413,10 Lavoni Street,Mosman,2088,12750000,21 May 2024,Sold prior to auction,5,4,2,,House,Domain,https://www.domain.com.au/10-lavoni-street-mosman-nsw-2088-2019209413
2019217859,1 Magic Grove,Mosman,2088,4975000,17 May 2024,Sold prior to auction,4,2,2,430,House,Domain,https://www.domain.com.au/1-magic-grove-mosman-nsw-2088-2019217859
2019217729,11 Harbour Street,Mosman,2088,3750000,16 May 2024,Sold prior to auction,4,3,1,,House,Domain,https://www.domain.com.au/11-harbour-street-mosman-nsw-2088-2019217729
2019194144,17 Ourimbah Road,Mosman,2088,2600000,11 May 2024,Sold at auction,3,2,1,245,House,Domain,https://www.domain.com.au/17-ourimbah-road-mosman-nsw-2088-2019194144
2019170314,9 Avenue Road,Mosman,2088,7210000,11 May 2024,Sold at auction,4,3,4,,House,Domain,https://www.domain.com.au/9-avenue-road-mosman-nsw-2088-2019170314
2019235369,73A Belmont Road,Mosman,2088,3640000,10 May 2024,Sold by private treaty,3,3,2,282,House,Domain,https://www.domain.com.au/73a-belmont-road-mosman-nsw-2088-2019235369
2019217860,19 Bardwell Road,Mosman,2088,4850000,10 May 2024,Sold prior to auction,5,2,1,,House,Domain,https://www.domain.com.au/19-bardwell-road-mosman-nsw-2088-2019217860
2019318963,11 Spofforth Street,Mosman,2088,8700000,07 May 2024,Sold by private treaty,4,3,2,,House,Domain,https://www.domain.com.au/11-spofforth-street-mosman-nsw-2088-2019318963
2018981761,19 Ryrie Street,Mosman,2088,4665000,07 May 2024,Sold by private treaty,5,4,2,627,House,Domain,https://www.domain.com.au/19-ryrie-street-mosman-nsw-2088-2018981761
2019140519,1 St Elmo Street,Mosman,2088,7325000,07 May 2024,Sold at auction,6,3,2,727,House,Domain,https://www.domain.com.au/1-st-elmo-street-mosman-nsw-2088-2019140519
2019146793,115 Bay Street,Mosman,2088,7400000,04 May 2024,Sold by private treaty,4,5,4,866,House,Domain,https://www.domain.com.au/115-bay-street-mosman-nsw-2088-2019146793
2019148793,22 Gordon Street,Mosman,2088,7900000,02 May 2024,Sold prior to auction,5,3,2,,House,Domain,https://www.domain.com.au/22-gordon-street-mosman-nsw-2088-2019148793
2019084995,9 David Street,Mosman,2088,12800000,01 May 2024,Sold by private treaty,5,3,2,1071,House,Domain,https://www.domain.com.au/9-david-street-mosman-nsw-2088-2019084995
2019267920,17 Noble Street,Mosman,2088,6100000,26 Apr 2024,Sold prior to auction,6,2,1,592,House,Domain,https://www.domain.com.au/17-noble-street-mosman-nsw-2088-2019267920
2019094090,1 Government Road,Mosman,2088,8400000,24 Apr 2024,Sold by private treaty,5,4,4,595,House,Domain,https://www.domain.com.au/1-government-road-mosman-nsw-2088-2019094090
2019205387,128 Awaba Street,Mosman,2088,4300000,24 Apr 2024,Sold prior to auction,5,2,2,462,House,Domain,https://www.domain.com.au/128-awaba-street-mosman-nsw-2088-2019205387
2018999259,50 Bay Street,Mosman,2088,10700000,19 Apr 2024,Sold by private treaty,5,3,2,1240,House,Domain,https://www.domain.com.au/50-bay-street-mosman-nsw-2088-2018999259
2018911567,18 Mistral Avenue,Mosman,2088,10800000,17 Apr 2024,Sold by private treaty,5,3,2,803,House,Domain,https://www.domain.com.au/18-mistral-avenue-mosman-nsw-2088-2018911567
2019200854,24 Spencer Road,Mosman,2088,6100000,17 Apr 2024,Sold by private treaty,5,3,1,455,House,Domain,https://www.domain.com.au/24-spencer-road-mosman-nsw-2088-2019200854
2019043773,234 Raglan Street,Mosman,2088,7850000,16 Apr 2024,Sold by private treaty,3,2,3,,House,Domain,https://www.domain.com.au/234-raglan-street-mosman-nsw-2088-2019043773
2019102012,29 Lower Almora Street,Mosman,2088,8150000,12 Apr 2024,Sold at auction,4,3,2,639,House,Domain,https://www.domain.com.au/29-lower-almora-street-mosman-nsw-2088-2019102012
2019079342,229 Spit Rd,Mosman,2088,4100000,12 Apr 2024,Sold prior to auction,5,3,2,360,House,Domain,https://www.domain.com.au/229-spit-rd-mosman-nsw-2088-2019079342
2019205320,2A Kirkoswald Avenue,Mosman,2088,10000000,12 Apr 2024,Sold by private treaty,5,4,2,790,House,Domain,https://www.domain.com.au/2a-kirkoswald-avenue-mosman-nsw-2088-2019205320
2019097068,11 Iluka Road,Mosman,2088,9050000,11 Apr 2024,Sold prior to auction,5,3,2,,House,Domain,https://www.domain.com.au/11-iluka-road-mosman-nsw-2088-2019097068
2019089990,12 Kiora Avenue,Mosman,2088,7000000,11 Apr 2024,Sold by private treaty,4,2,4,773,House,Domain,https://www.domain.com.au/12-kiora-avenue-mosman-nsw-2088-2019089990
2019116129,22 Cowles Road,Mosman,2088,5600000,09 Apr 2024,Sold prior to auction,4,2,1,624,House,Domain,https://www.domain.com.au/22-cowles-road-mosman-nsw-2088-2019116129
2019071805,109 Avenue Road,Mosman,2088,3900000,09 Apr 2024,Sold prior to auction,4,2,,,House,Domain,https://www.domain.com.au/109-avenue-road-mosman-nsw-2088-2019071805
2019035418,6 Shadforth Street,Mosman,2088,7000000,04 Apr 2024,Sold prior to auction,5,3,1,557,House,Domain,https://www.domain.com.au/6-shadforth-street-mosman-nsw-2088-2019035418
2019118574,2 Erith Street,Mosman,2088,3750000,04 Apr 2024,Sold prior to auction,4,2,2,,House,Domain,https://www.domain.com.au/2-erith-street-mosman-nsw-2088-2019118574
2019088631,22 Rickard Avenue,Mosman,2088,6275000,04 Apr 2024,Sold by private treaty,5,3,1,626,House,Domain,https://www.domain.com.au/22-rickard-avenue-mosman-nsw-2088-2019088631
2019039410,8 Morella Road,Mosman,2088,7750000,02 Apr 2024,Sold by private treaty,4,4,3,683,House,Domain,https://www.domain.com.au/8-morella-road-mosman-nsw-2088-2019039410
2019055598,20 Kirkoswald Avenue,Mosman,2088,9150000,02 Apr 2024,Sold prior to auction,5,3,4,669,House,Domain,https://www.domain.com.au/20-kirkoswald-avenue-mosman-nsw-2088-2019055598
2019137236,24 Ourimbah Road,Mosman,2088,2650000,30 Mar 2024,Sold prior to auction,3,2,2,240,House,Domain,https://www.domain.com.au/24-ourimbah-road-mosman-nsw-2088-2019137236
2019112251,81 Macpherson Street,Mosman,2088,4550000,28 Mar 2024,Sold at auction,4,3,2,,House,Domain,https://www.domain.com.au/81-macpherson-street-mosman-nsw-2088-2019112251
2019091203,7 Iluka Road,Mosman,2088,6500000,28 Mar 2024,Sold prior to auction,5,2,4,,House,Domain,https://www.domain.com.au/7-iluka-road-mosman-nsw-2088-2019091203
2018891645,35 Mandolong Road,Mosman,2088,19120000,28 Mar 2024,Sold by private treaty,6,6,9,861,House,Domain,https://www.domain.com.au/35-mandolong-road-mosman-nsw-2088-2018891645
2019102663,8 Bray Street,Mosman,2088,5100000,27 Mar 2024,Sold prior to auction,5,3,2,464,House,Domain,https://www.domain.com.au/8-bray-street-mosman-nsw-2088-2019102663
2019088490,23 Ourimbah Road,Mosman,2088,2655000,27 Mar 2024,Sold by private treaty,3,2,1,242,House,Domain,https://www.domain.com.au/23-ourimbah-road-mosman-nsw-2088-2019088490
2019099207,117 Spencer Road,Mosman,2088,3810000,26 Mar 2024,Sold at auction,4,3,1,467,House,Domain,https://www.domain.com.au/117-spencer-road-mosman-nsw-2088-2019099207
2019051900,22 Keston Avenue,Mosman,2088,8181000,26 Mar 2024,Sold by private treaty,4,3,4,834,House,Domain,https://www.domain.com.au/22-keston-avenue-mosman-nsw-2088-2019051900
2019000058,29 Reginald Street,Mosman,2088,4820000,23 Mar 2024,Sold by private treaty,4,2,1,626,House,Domain,https://www.domain.com.au/29-reginald-street-mosman-nsw-2088-2019000058
2019069292,45 Shadforth Street,Mosman,2088,8100000,23 Mar 2024,Sold at auction,5,4,1,588,House,Domain,https://www.domain.com.au/45-shadforth-street-mosman-nsw-2088-2019069292
2019138593,89 Belmont Road,Mosman,2088,3200000,22 Mar 2024,Sold by private treaty,2,1,1,277,House,Domain,https://www.domain.com.au/89-belmont-road-mosman-nsw-2088-2019138593
2019101365,94 Spencer Road,Mosman,2088,2705000,22 Mar 2024,Sold prior to auction,3,2,,227,House,Domain,https://www.domain.com.au/94-spencer-road-mosman-nsw-2088-2019101365
2019099715,60 Cabramatta Road,Mosman,2088,4660000,22 Mar 2024,Sold prior to auction,4,2,1,,House,Domain,https://www.domain.com.au/60-cabramatta-road-mosman-nsw-2088-2019099715
2019080733,7 Calypso Avenue,Mosman,2088,5750000,22 Mar 2024,Sold by private treaty,5,3,2,,House,Domain,https://www.domain.com.au/7-calypso-avenue-mosman-nsw-2088-2019080733
